typing_speed_wpm,avg_keystroke_interval_ms,backspace_ratio,pause_frequency_per_min,mouse_velocity_px_s,mouse_distance_px,click_frequency_per_min,idle_time_seconds,error_rate,response_time_seconds,retry_count,context_switches_per_min,cognitive_load,subject_id
45.6497,156.0779,0.043,8,193.083,1925.9644,23.5501,0.8904,0.064,6.1889,1,8,1,28
62.3595,191.5831,0.0652,6,322.0643,1858.6351,18.4194,3.5618,0.0,3.487,4,5,1,48
26.4681,242.1343,0.1143,10,96.5927,1760.6369,19.7652,14.5751,0.0942,9.377,2,3,1,21
72.5139,80.0,0.0512,0,253.1726,939.4892,7.6856,11.0712,0.0,1.988,2,2,0,36
34.5929,410.8776,0.1527,8,335.8637,2694.5431,15.7595,6.0221,0.0827,7.2365,0,5,2,1
33.3299,248.8849,0.162,9,180.678,1931.7386,14.7854,6.6517,0.1634,8.5876,3,2,1,16
56.8937,319.3231,0.0886,3,282.4595,1442.8968,20.0951,12.1881,0.0386,8.8508,3,1,1,30
20.5952,291.7986,0.1311,9,177.4989,1952.1551,29.8772,16.5658,0.0815,6.2049,6,3,2,55
43.6978,200.7769,0.105,4,409.7292,1195.6963,12.3058,6.759,0.0375,4.8441,2,0,0,49
59.9658,336.3519,0.2114,8,126.9006,1649.262,20.1282,16.4354,0.2335,9.8507,4,9,2,3
26.7743,276.2382,0.1189,6,234.0552,1472.8444,16.2206,8.5587,0.1341,9.1253,3,6,2,10
38.0328,224.8457,0.06,6,309.0382,595.0208,29.6251,11.4522,0.0,4.457,3,3,0,55
53.3032,241.5062,0.1102,4,344.635,2132.3157,18.5446,0.5197,0.0215,3.2791,0,6,0,48
29.3638,319.0186,0.058,4,338.5916,814.7452,15.7111,6.338,0.1091,4.3568,0,2,1,38
56.6697,374.4641,0.1578,13,283.3549,2910.0997,20.8464,5.8846,0.1306,6.3444,4,8,2,6
86.0703,224.5382,0.045,3,390.8834,936.7659,12.045,6.8922,0.0213,10.1701,0,1,0,14
65.2025,316.1857,0.1547,7,247.8678,1603.5045,24.5641,8.441,0.0606,1.6703,5,8,1,53
74.7548,145.1388,0.0599,3,320.333,449.8222,10.3741,4.3123,0.0228,0.5,0,1,0,3
48.9837,279.475,0.1094,7,375.4777,1612.1151,31.3864,7.7959,0.0912,14.0324,4,6,2,45
18.9983,277.7257,0.2307,14,80.7958,2987.9408,34.8299,13.7987,0.2459,15.3084,6,12,2,52
52.0924,128.0418,0.0016,2,534.9239,1285.2019,12.7656,10.8238,0.0037,5.9682,0,4,0,2
59.5461,252.6397,0.1314,0,511.6889,3024.4754,11.181,9.4257,0.1524,8.4129,2,0,0,51
84.5117,205.455,0.032,0,375.3361,1726.0559,12.4437,1.7706,0.0,7.3704,1,0,0,4
33.9763,374.0476,0.1462,7,206.9777,2069.1555,18.0623,10.2665,0.1275,16.4944,1,5,2,1
46.9809,91.8193,0.0699,1,98.8104,2634.0365,22.2131,9.1001,0.1255,4.7826,3,0,1,52
27.0678,320.5076,0.1945,8,152.4319,1702.3199,27.3913,15.2654,0.2118,11.4359,5,5,2,56
63.0669,303.0394,0.1175,8,142.5062,2370.8638,30.8198,11.082,0.0686,10.2274,4,4,2,45
51.1639,165.1688,0.0661,2,231.4791,1612.8066,9.698,11.109,0.1932,8.2456,1,7,1,12
55.7694,307.954,0.1464,2,363.7686,2248.1324,15.8132,3.743,0.0388,8.1084,3,7,0,13
54.7322,281.2582,0.0818,6,388.0297,1878.9353,29.6189,4.4378,0.0431,5.3843,2,7,1,57
67.5958,239.334,0.1317,7,46.1998,1441.4616,19.5832,10.3516,0.1834,6.384,0,5,1,3
26.7769,227.8838,0.1137,4,446.8377,1134.6808,26.0592,5.2799,0.1371,10.1895,1,7,1,22
49.8451,157.1534,0.0479,4,364.4651,885.1415,19.6915,0.0,0.0832,4.3172,1,1,0,49
7.9804,337.1518,0.2477,10,71.1312,1901.1511,13.8423,11.2427,0.1922,12.6564,5,8,2,16
58.1787,85.349,0.0136,0,319.1106,562.1654,14.0133,0.0,0.0,0.5,0,2,0,0
60.1352,259.5796,0.0524,0,373.9946,910.8288,17.2317,0.0,0.0,0.5,1,0,0,48
51.3015,276.1532,0.1045,13,132.6557,2515.3813,31.6912,17.4029,0.2463,8.8143,5,8,2,47
76.6288,264.7273,0.0098,2,389.0797,1254.3946,6.6657,11.8324,0.0031,7.0757,4,4,0,4
61.6839,80.0,0.0053,0,481.8521,587.7328,15.4916,0.0,0.0,1.7725,0,0,0,9
48.7351,161.432,0.12,3,230.192,1017.0279,25.1377,0.0,0.0356,0.5779,1,4,1,0
36.4398,207.2096,0.0738,2,523.1743,1073.436,16.7725,2.6882,0.0594,2.1339,2,0,0,2
89.4829,111.3328,0.0293,1,353.0019,1497.443,11.931,3.1378,0.0097,6.1777,2,3,0,54
82.1471,116.621,0.0,0,502.9415,1398.5117,3.0685,0.0,0.0,0.5,0,0,0,8
71.7056,230.9771,0.0671,2,419.4228,1244.2238,18.1715,7.366,0.0227,9.8194,0,2,0,14
38.0033,242.352,0.0946,6,305.2961,2055.022,25.7492,6.6529,0.0839,7.8094,2,4,1,49
51.1533,237.7548,0.0788,2,404.5974,2695.1242,21.1902,2.5665,0.0924,7.5652,3,2,1,8
59.1958,289.3651,0.1137,11,242.6158,2299.0396,17.7113,10.7983,0.1183,4.9396,1,5,2,6
67.6358,87.4736,0.1033,0,358.5961,2400.7213,18.3354,0.0,0.0251,4.4668,1,3,0,24
41.0712,462.7025,0.0941,8,309.8188,1751.6752,26.7493,13.2357,0.1579,10.0808,5,10,2,25
28.9252,175.9799,0.2656,10,274.6542,1750.5782,31.9611,6.4883,0.1532,10.5056,6,6,1,16
46.542,187.4493,0.0655,4,168.3937,2034.6786,22.2016,4.762,0.0898,4.3327,0,3,1,52
30.9511,233.5383,0.2268,6,326.8087,2235.5166,26.4037,8.7924,0.1591,4.4634,4,5,2,7
78.0623,137.9694,0.0111,1,449.7007,878.6761,4.8808,5.3732,0.0345,1.4565,0,0,0,44
42.501,264.2579,0.177,5,86.9568,2050.8137,25.5571,19.2753,0.1187,10.5668,5,6,2,56
54.5725,228.9712,0.0658,2,288.4016,1326.0553,21.9694,8.7485,0.0106,2.7539,2,6,0,35
51.0878,411.7551,0.0917,8,300.2855,1687.5758,24.9824,15.5153,0.1308,9.9052,2,1,2,30
54.8668,302.7889,0.1458,6,209.1071,2118.083,31.2654,16.5304,0.1503,0.5,1,5,1,29
79.9662,156.1125,0.0075,3,458.6624,1080.2411,7.128,0.0,0.035,1.4341,0,0,0,43
38.5961,250.2155,0.1536,7,176.969,2597.2482,19.5922,13.2078,0.1813,14.1683,2,10,2,44
82.2061,220.7738,0.0725,7,94.6639,1437.9802,38.3454,3.4103,0.1782,6.4556,3,3,1,53
55.7872,146.6856,0.0357,2,284.845,1831.2733,10.0281,0.0,0.015,5.4907,1,5,0,28
62.8758,135.4254,0.0139,2,491.291,1821.7121,4.3014,0.0,0.0,1.5651,0,4,0,28
64.6419,264.2175,0.1091,2,366.3782,1825.2167,22.4389,8.2931,0.0398,7.0962,2,3,0,58
54.7249,215.7744,0.0069,0,271.8321,457.9603,22.6538,2.0009,0.0452,0.8849,0,0,0,19
72.5957,130.1246,0.0,0,326.37,815.6473,14.9237,0.0,0.0377,0.5,0,0,0,23
64.6539,219.0665,0.1292,0,333.6894,1422.0286,12.3896,10.5139,0.004,2.6992,0,1,1,46
30.976,214.5734,0.1254,5,201.4952,2104.8467,21.1371,6.9009,0.1154,6.4906,3,0,1,19
40.9031,321.001,0.055,10,127.1725,1918.6591,24.2351,10.3549,0.2441,9.9755,0,6,1,11
39.9257,283.7822,0.168,11,190.9291,1834.7816,17.262,8.0907,0.2192,10.0824,3,5,1,16
38.6479,287.6468,0.1201,3,261.978,1350.3464,9.9638,6.3648,0.071,5.0873,0,0,0,21
42.0342,297.196,0.1967,8,239.57,2125.6172,17.4934,12.5757,0.1726,10.4494,3,7,1,16
15.7949,204.3087,0.0854,3,306.4322,2780.5533,23.5691,17.0421,0.066,12.4502,3,7,2,37
30.8345,190.6824,0.1729,9,342.0661,2277.8752,36.1343,9.0006,0.1219,13.4463,3,10,2,22
48.4442,343.0839,0.1212,8,311.5719,2397.0529,19.0205,9.2721,0.2046,10.5359,1,3,1,18
65.49,316.2191,0.0,3,401.5208,1239.962,0.0275,1.4663,0.0391,8.3752,0,0,0,18
75.8172,89.8225,0.0157,4,274.617,480.9558,12.151,9.7603,0.0054,0.5,4,1,0,36
35.3403,431.8563,0.2651,11,185.7156,2246.2849,25.7039,14.5182,0.1378,12.4017,5,5,2,58
41.8193,307.9166,0.1326,7,328.6905,2373.117,19.9841,10.123,0.0921,10.6686,1,5,2,44
33.6221,244.2701,0.0482,4,278.4113,1809.5032,30.9645,6.1706,0.1249,10.6857,4,6,2,35
36.3835,184.7857,0.0863,6,416.959,2330.4731,35.3453,14.7731,0.0837,9.9542,4,9,2,50
30.9829,288.3092,0.1027,5,289.4288,1321.0496,23.1634,3.2289,0.1191,8.8984,0,4,1,20
67.7618,205.142,0.1132,3,269.6029,1408.0873,26.7784,5.3724,0.0515,13.4832,4,7,1,45
57.5125,218.605,0.0026,0,288.662,1238.8613,13.2678,5.9089,0.0078,0.5,1,0,0,56
59.3474,277.9374,0.1164,5,369.5577,2196.1734,28.0376,8.6849,0.0861,9.0106,2,5,1,57
49.6046,267.8223,0.1095,9,273.4873,2384.2085,25.5596,11.7153,0.1874,14.7864,1,7,2,44
72.6111,156.9637,0.0796,1,527.9987,1776.2808,14.539,0.0,0.0719,4.6821,1,2,0,8
82.9824,260.2343,0.06,0,473.2755,766.9271,0.0,0.0,0.0,0.5,0,0,2,6
76.9316,167.2486,0.1199,7,133.8119,1829.9214,25.7368,14.3947,0.1624,5.5574,4,6,1,3
27.7544,320.8215,0.1831,9,133.2473,2679.57,30.4232,19.6999,0.1451,11.2926,5,6,2,29
35.2769,249.5663,0.1261,3,193.049,1938.9725,38.7343,9.2561,0.1286,13.6172,7,8,2,9
76.6981,278.8288,0.0849,2,281.1061,1202.9734,17.507,1.1655,0.0353,5.6453,3,0,0,45
44.5427,348.4488,0.0475,4,299.765,2057.0376,29.4597,2.0114,0.1258,5.5979,1,4,1,59
29.3074,368.2134,0.1925,8,153.0333,2200.0242,30.3185,13.1594,0.0837,9.3908,5,6,2,56
46.0347,262.0272,0.0545,5,166.8808,1520.9233,20.159,12.8086,0.0785,9.4571,3,5,1,55
36.9601,286.1462,0.1888,6,79.9947,1998.3213,26.9373,9.6442,0.1512,13.6641,2,2,1,21
58.4031,244.7152,0.0333,1,353.7328,1880.5075,11.5589,0.0,0.0857,9.4224,0,0,0,11
36.3266,336.9918,0.1418,8,317.8833,1436.0202,29.4536,13.3783,0.1536,10.9451,5,11,2,45
5.0,491.78,0.1588,8,88.6064,1951.3073,32.6998,11.8423,0.21,14.5104,2,9,2,20
77.5187,153.2111,0.0995,0,483.601,651.894,12.5378,0.0,0.0,4.3113,0,0,0,48
34.0593,363.0046,0.0644,6,390.3284,2029.0016,22.067,0.0,0.1692,6.1797,3,0,1,59
19.257,432.9118,0.165,12,185.1047,1554.0376,19.4482,6.0595,0.2236,13.1771,0,8,2,20
67.4893,204.9587,0.1711,3,194.8583,1682.3856,8.5867,6.1703,0.0,7.8535,0,4,0,27
90.4032,172.4941,0.0788,0,405.9992,799.8489,8.9132,2.4588,0.0242,0.8484,1,1,0,27
31.9505,228.7461,0.1271,7,239.9776,1575.6249,23.1639,9.3729,0.0496,6.1131,8,5,1,55
19.1125,118.3216,0.0463,5,369.0333,2056.0049,21.6356,9.7232,0.21,10.4785,1,2,1,26
53.9415,188.214,0.0017,3,410.2984,798.5587,24.0277,7.1086,0.0,5.8223,1,3,0,9
36.2486,304.9642,0.1935,7,286.7332,1166.4426,20.1732,8.1277,0.0578,10.7172,0,4,1,1
47.9188,203.9368,0.0925,6,364.4283,964.5014,22.4832,7.9724,0.1159,0.5,3,0,0,49
53.3351,80.0,0.035,0,353.3124,884.4241,21.7879,0.0,0.0452,3.177,0,1,0,17
54.906,266.9743,0.1058,9,145.4374,2636.027,20.0518,2.1326,0.182,11.9506,0,1,1,11
34.6117,325.5187,0.2142,6,273.0775,2977.1752,30.0762,14.3774,0.0768,9.914,4,5,2,44
43.6742,216.6364,0.0155,5,294.7647,929.6482,22.5143,10.3749,0.0,0.5,5,1,0,55
27.4683,245.4846,0.1381,11,250.86,2962.0998,35.4706,9.7518,0.0659,8.4349,2,9,2,28
25.8094,308.2909,0.1404,8,223.1125,2857.6256,22.3057,4.2483,0.2305,15.6701,3,1,2,15
65.9051,157.959,0.0,2,428.1112,1127.939,9.5077,0.0,0.0,0.5,0,0,0,44
38.3043,397.8718,0.198,15,60.3442,2958.4757,39.3067,14.3561,0.184,10.4454,6,8,2,29
67.276,247.5657,0.0296,11,302.9604,1791.768,16.0319,6.8719,0.1117,0.5,1,0,0,6
60.0605,147.0477,0.0454,4,343.741,1947.8075,10.5207,0.4473,0.0563,5.4551,0,4,0,11
18.7551,253.6615,0.0746,7,276.7522,2025.0827,25.0404,14.0737,0.1471,13.7445,3,5,1,26
52.1621,335.7763,0.1945,6,221.9669,1571.5971,27.4315,10.9817,0.1405,7.0119,6,9,1,56
49.4861,293.5172,0.2631,6,191.5771,2200.8611,33.6816,12.3978,0.1962,12.622,5,9,2,56
52.854,325.1232,0.0036,5,449.8741,1809.9256,18.8681,7.1317,0.0,7.1343,3,7,1,40
63.4096,196.3641,0.0161,0,471.7666,1862.3124,13.1814,7.1635,0.0742,5.2774,2,0,0,46
37.7705,264.6191,0.103,5,171.1564,2782.9905,14.5599,1.3222,0.0752,4.9434,5,7,1,8
50.0867,227.2506,0.1498,4,372.2745,1930.6061,11.0492,11.634,0.1218,7.8577,1,2,1,41
35.1705,263.8994,0.1133,9,174.552,2261.0878,32.8657,6.9213,0.0964,6.4843,5,8,2,28
43.8883,289.4342,0.1599,3,312.956,1506.4772,19.0033,9.5574,0.1278,11.0695,4,1,1,44
54.328,255.6855,0.1127,7,436.5571,1931.2398,14.4383,2.1733,0.0537,0.5,3,2,0,31
57.8751,214.2722,0.09,3,451.5288,1955.1085,6.9793,0.0,0.0429,6.2847,2,9,0,28
26.499,169.2686,0.074,7,229.1779,1961.8993,28.4783,2.6307,0.1178,0.5601,1,8,0,17
27.5125,333.9164,0.3205,16,10.0,2500.9837,40.4299,13.1664,0.2312,15.6391,3,9,2,16
39.8411,173.2748,0.0674,7,268.2238,2345.0578,26.4836,8.126,0.0601,4.3964,3,5,1,52
65.9223,318.4718,0.1165,5,282.3922,1946.5396,17.545,6.4292,0.0732,10.356,0,5,1,14
44.0288,179.8216,0.088,5,432.1141,1259.388,39.3081,5.9021,0.0971,4.1253,0,5,1,50
76.6207,301.4834,0.0163,6,446.058,1736.3268,10.8417,8.4794,0.0664,9.8566,1,3,0,4
64.9557,203.9785,0.0692,0,379.0726,1264.8469,18.1247,0.0,0.0308,6.1022,3,0,0,24
65.621,230.5625,0.1114,3,357.0035,1792.3014,12.2689,5.7949,0.0,5.9051,2,3,0,48
38.1588,338.3373,0.0103,4,301.5297,2071.4325,20.2637,4.1272,0.0,4.4863,3,1,1,25
40.4035,259.336,0.0768,3,265.9568,2047.7771,13.081,7.6219,0.0385,9.1118,4,0,1,56
54.3386,217.0614,0.2064,13,148.1019,1562.92,23.2357,15.2293,0.2184,11.1921,4,7,2,53
50.6554,267.993,0.1699,8,303.1737,1238.8552,18.2686,4.5206,0.1006,10.6486,4,8,2,45
42.2039,242.5023,0.1567,5,297.2058,1592.3912,12.7064,3.8743,0.1094,6.4948,2,6,1,56
31.9024,217.8272,0.09,7,290.1014,1458.9187,37.1481,8.0171,0.1834,9.1388,2,6,2,17
21.1993,354.6397,0.1773,11,166.0048,1791.3705,25.072,19.9901,0.107,9.5473,6,10,2,55
20.1544,422.6832,0.184,14,73.4463,2575.2988,35.5351,8.6359,0.2124,13.2106,4,8,2,10
77.4998,108.757,0.0429,3,281.5467,1230.8887,10.9839,7.3283,0.0391,2.7025,2,1,0,36
50.6919,281.1589,0.1762,11,240.8403,2762.7599,17.8631,9.9246,0.1439,6.8488,3,9,2,6
38.4917,338.1515,0.0451,6,226.484,1965.6519,30.4368,14.8739,0.091,7.9168,4,7,2,35
29.0989,450.6097,0.1287,10,98.9731,1718.1318,32.5624,6.8311,0.1312,12.9794,3,10,2,1
42.1128,80.0,0.0,0,482.3212,2135.5529,12.4587,0.8818,0.0572,6.7624,0,0,0,26
21.6267,256.6552,0.1348,3,229.3584,1099.8937,18.291,6.9187,0.1594,3.5634,3,3,1,34
14.6162,423.5091,0.184,7,327.7742,926.8498,19.8067,9.0675,0.1122,7.2652,1,6,2,20
51.9461,182.1312,0.0,0,436.5201,764.1338,13.4053,5.7921,0.0245,3.449,0,1,0,35
57.0591,289.9123,0.1097,9,272.0238,1983.6762,31.7606,12.1865,0.1988,8.5044,2,6,2,47
72.7825,80.0,0.0,3,381.7664,732.874,10.0537,3.2552,0.0,5.5144,2,0,0,36
55.662,118.2327,0.1129,0,294.5895,2058.6458,2.4652,9.8296,0.1921,9.2421,1,10,1,12
88.32,80.0,0.0,0,592.8915,1460.0227,0.0,0.0,0.0,0.5,0,3,0,43
57.0632,402.0901,0.0988,8,243.7286,1364.9584,28.2752,11.2224,0.2186,14.3343,3,7,2,30
35.3914,144.8296,0.0091,0,310.9226,2691.7964,15.5889,8.5897,0.0558,11.8538,2,3,1,37
22.2763,376.3156,0.1637,8,247.7404,2767.0369,29.1636,6.8379,0.0971,11.8874,2,6,2,32
52.8748,277.9918,0.0776,0,253.4885,1865.1921,31.0778,6.3524,0.0696,6.8845,0,4,1,29
32.1929,352.5638,0.1559,12,117.4408,1837.7262,14.7764,9.3657,0.1225,11.3095,3,2,1,10
49.6409,212.624,0.0916,1,254.2973,1235.9118,16.6253,0.0,0.0374,8.8073,0,0,0,21
85.7616,279.3552,0.0,1,424.1493,1108.0124,6.5543,1.1936,0.1155,9.9934,0,5,0,4
53.8917,235.2095,0.1277,7,149.2868,1970.0541,18.5145,12.1352,0.1427,2.6849,1,0,1,29
31.4232,333.5178,0.1151,9,262.1522,1846.6217,8.1267,13.0171,0.0408,6.6651,2,6,1,10
44.051,302.3484,0.0623,1,397.4407,1757.6522,5.1626,3.5361,0.0362,5.1813,1,0,0,41
43.0181,368.4234,0.2852,14,174.1713,2089.6451,28.0581,6.9946,0.14,9.0485,3,3,2,42
27.6313,409.8571,0.1191,8,265.2524,2131.4503,18.3715,7.758,0.2126,11.2462,5,4,2,25
88.0922,173.7446,0.0,0,494.0563,100.0,14.8741,0.0,0.0,0.5,0,0,0,42
36.0278,218.4347,0.1243,6,331.4292,2160.8006,16.1306,12.5774,0.1386,7.8131,3,11,2,12
33.1919,276.3064,0.0643,6,241.4988,1497.2659,24.3771,10.2326,0.1005,13.4039,3,8,2,35
38.9931,351.9802,0.1388,7,284.9422,2092.992,25.158,10.5741,0.1373,12.0557,1,1,1,5
51.8763,289.6834,0.0446,6,368.534,1628.3936,17.2292,4.916,0.0347,6.8541,0,3,0,1
46.1065,332.8237,0.2076,11,32.2119,2231.6801,44.4831,12.4765,0.1279,16.7478,6,11,2,27
47.6461,417.4193,0.055,2,282.6837,2476.7578,21.7718,9.2317,0.0779,10.5691,2,8,1,25
30.5976,223.5545,0.2079,5,191.2154,1344.1568,32.6212,0.0,0.1693,7.3438,2,7,2,19
21.5294,231.8478,0.1493,8,190.8079,1713.0065,38.8638,6.4086,0.1732,6.0489,2,8,1,17
32.3918,117.1743,0.0145,2,398.0196,1316.6602,26.7437,1.0747,0.0,4.5705,1,0,0,50
44.3849,267.848,0.0992,11,324.7126,2135.8428,21.5554,12.1281,0.1294,10.8337,2,7,1,33
55.1232,176.4281,0.0378,3,395.5479,1463.3034,1.5239,0.8528,0.0,12.3889,0,0,0,5
50.5845,260.1282,0.2021,9,178.5479,2591.323,48.7319,13.8852,0.1328,9.8749,4,12,2,53
62.5786,334.6053,0.1324,7,250.8839,1597.426,23.3551,5.9751,0.066,7.1567,2,2,1,27
16.5753,292.3812,0.233,9,57.777,1574.3047,35.9292,8.739,0.2023,15.1549,3,7,2,19
56.4569,335.9014,0.0621,2,447.1121,830.3862,26.3249,0.6207,0.0,4.8394,1,0,0,57
57.0702,196.8817,0.0496,1,392.8935,1587.8471,0.0,3.91,0.0805,0.5,1,0,0,31
67.5392,86.4529,0.0,1,534.2457,1180.0968,4.7169,9.0297,0.0,0.5,0,0,0,46
61.1946,302.668,0.0965,11,224.5389,2083.5376,21.215,10.725,0.0767,8.7609,0,4,2,6
34.4264,227.8936,0.06,6,367.4282,2712.7631,18.9787,6.2102,0.1492,9.9791,1,3,1,26
51.6576,326.5749,0.168,6,287.5294,1803.3682,24.4887,12.6182,0.1024,5.2842,1,5,1,29
41.3383,195.7424,0.0,0,529.5854,1146.0567,14.298,3.1098,0.0647,8.1635,1,0,0,26
35.2135,427.4162,0.1219,6,207.43,1384.4118,22.3673,7.9649,0.1034,12.5732,0,2,1,32
38.3678,243.4707,0.2061,2,308.8044,2881.3563,20.9357,8.945,0.1438,11.4277,3,1,1,13
49.1018,131.5815,0.1116,1,613.9017,2002.6405,0.0,1.7187,0.0,4.243,0,0,0,41
62.3752,162.3289,0.1001,2,404.5229,919.2963,23.8812,0.0,0.048,9.0084,4,5,1,45
31.9583,343.4967,0.0954,4,307.8259,1994.6868,26.8431,7.1928,0.1252,12.4851,3,1,2,59
83.2853,100.908,0.0,1,239.5782,617.6052,18.653,3.7681,0.0,6.6655,2,0,0,36
29.9798,354.6225,0.1706,7,248.5209,1841.9512,29.7395,10.7769,0.1004,10.1625,4,7,2,1
57.4823,176.1856,0.0758,3,353.3563,603.1,8.4255,2.1336,0.1085,3.943,4,1,0,18
48.3211,110.9708,0.0036,0,324.1999,1172.4415,23.6131,0.9064,0.0838,2.9558,0,0,0,52
42.5558,145.0127,0.087,8,303.864,1246.7666,25.3699,3.3533,0.0315,3.7909,0,5,1,17
35.5216,341.4723,0.1185,3,248.5953,1880.5026,18.8964,4.6859,0.0771,8.8279,1,1,1,59
91.3718,95.9266,0.0452,3,375.5823,1334.7071,5.4123,8.1466,0.1216,0.5,0,0,0,54
15.4116,334.5517,0.1847,10,255.5444,1834.605,36.6435,18.7358,0.1322,10.3084,5,6,2,9
45.1755,102.0641,0.0601,6,441.1332,1395.7195,30.1053,0.0,0.1135,6.4976,1,7,1,28
49.5778,192.6941,0.0087,2,399.6528,1978.0084,10.2682,13.942,0.055,6.4598,1,3,1,37
19.5748,449.5279,0.1425,10,301.3149,2865.6773,15.9992,12.2895,0.1707,14.6973,7,6,2,25
42.4269,332.2248,0.1829,10,276.8867,2266.7084,20.9922,16.0037,0.1139,19.4099,4,10,2,58
74.4246,100.6006,0.0593,6,273.4106,1090.7031,12.9978,10.7945,0.0934,8.8022,0,3,0,54
9.8325,218.2796,0.1765,10,224.9763,3350.5876,29.0086,11.1538,0.2231,18.2307,3,7,2,39
41.8361,330.0127,0.1739,9,235.9603,2436.4766,20.3302,8.7227,0.1832,8.2212,4,7,2,6
56.8521,249.7373,0.1614,7,434.0376,1114.2928,24.9089,3.8808,0.0706,5.1609,5,0,1,45
42.8177,175.1533,0.0248,4,381.8014,2894.5515,15.6502,6.7939,0.0592,4.4667,1,3,1,37
46.8019,141.8162,0.1912,5,219.9695,2091.9391,18.2967,11.2203,0.1917,9.3909,6,10,2,12
68.6954,178.8868,0.0226,0,517.5731,2739.2706,11.6087,4.5826,0.08,4.3795,0,1,0,51
53.1604,209.7844,0.1174,6,421.8768,2405.2989,12.9323,2.2954,0.0416,9.0141,2,5,0,13
80.0564,371.4385,0.0,4,426.4299,1525.5604,10.5628,7.8331,0.076,11.549,2,2,0,4
54.8819,208.4149,0.0708,5,382.7502,1610.1875,13.4328,0.0,0.0421,1.5386,2,9,0,8
29.4167,261.1032,0.0634,4,372.9898,2613.6171,8.4162,10.4124,0.1129,7.2083,2,5,1,37
33.2197,293.0421,0.1882,11,251.8317,1772.8908,31.4361,12.961,0.2073,9.6403,2,9,2,1
55.7988,291.4553,0.2161,6,89.5758,1275.2998,32.2435,17.4354,0.1335,6.1515,0,8,1,3
57.4026,301.9161,0.1159,8,267.2498,2145.654,22.3721,7.8228,0.1748,3.089,1,5,1,6
57.1282,275.9284,0.0964,7,506.049,2008.1876,24.2523,3.1687,0.0611,6.5839,1,3,0,43
34.6838,272.7642,0.1238,7,304.3815,1826.0736,15.9648,17.2447,0.1262,12.1952,3,3,2,2
40.6513,272.8997,0.1048,9,280.2264,1646.255,27.5283,3.4003,0.1074,5.8379,1,6,1,17
36.3839,141.7507,0.0793,1,327.9448,1565.5256,27.1324,10.2579,0.0126,6.9987,2,4,0,50
76.4585,80.0,0.0,0,385.425,760.2216,12.8466,0.0,0.0,0.5,0,0,0,52
66.811,172.6457,0.1513,8,209.7597,1587.7061,38.5489,13.7935,0.1697,8.8964,1,9,2,53
61.6017,342.2093,0.0732,8,363.9586,1696.9449,25.5623,12.0491,0.0436,13.867,4,1,1,58
28.5691,157.5038,0.0,0,266.0498,904.1055,12.9225,3.5242,0.0,3.7422,0,0,0,34
46.1685,213.2942,0.1372,0,509.9253,3446.457,11.4342,14.9838,0.1278,6.7791,1,5,1,51
49.285,290.2428,0.1493,9,289.8914,1650.1181,25.0337,0.0,0.1067,8.0991,1,6,1,1
39.6479,308.2182,0.1687,9,332.1023,2343.8793,31.2152,12.1071,0.2177,13.7142,4,8,2,22
45.2202,124.0263,0.0129,2,381.6804,591.8425,14.3807,4.775,0.0,0.5,2,1,0,55
59.5526,248.9595,0.08,6,335.1933,1376.8235,7.6355,3.9245,0.0,11.9225,0,0,0,5
54.8429,322.8431,0.0791,5,222.1258,1974.9733,6.9987,8.4829,0.2174,4.1328,1,4,1,23
83.1563,80.0,0.0,1,342.7703,1108.4655,6.2046,3.7379,0.0294,0.5,0,0,0,36
75.709,253.9325,0.1406,6,147.3977,2028.1638,26.1873,11.2659,0.148,8.0235,1,3,1,53
24.3456,269.9466,0.1601,9,179.0619,2499.2139,21.3704,5.2655,0.0893,8.6247,2,4,2,7
80.7904,265.0562,0.0454,2,417.6713,897.4839,21.3373,7.3375,0.0,5.3094,0,0,0,14
35.5599,361.7257,0.1909,10,222.214,2983.032,42.0448,8.1768,0.0771,6.9174,5,3,2,59
49.5034,247.4101,0.0569,0,334.1308,1013.3487,19.5336,5.8205,0.0119,1.7252,4,0,0,35
18.2189,375.6982,0.1631,14,117.5143,2503.5948,32.8211,21.2112,0.2696,19.0647,8,9,2,18
87.6751,247.9846,0.0853,4,304.2331,1381.1975,21.278,10.9491,0.0524,9.042,0,1,1,14
38.647,240.8124,0.0983,5,163.2723,2632.9796,24.0685,0.0,0.1346,6.8453,2,7,0,8
33.9912,216.4824,0.0028,2,359.4902,883.079,8.7513,4.0623,0.0246,1.2768,1,2,0,34
54.6101,223.6261,0.0,5,437.8997,1910.2748,19.0842,3.5575,0.0376,3.7941,3,0,1,46
58.9595,197.6768,0.1068,6,517.583,2159.7144,23.8654,0.6818,0.0,8.2736,0,1,0,43
38.7954,175.3264,0.0906,3,327.3549,1683.2485,28.1264,1.7178,0.0,7.9535,2,6,0,28
29.5532,329.6758,0.0898,9,77.8426,2468.639,33.3432,7.6211,0.0916,14.4488,0,3,2,11
57.3968,267.7651,0.1065,6,360.1965,2069.1475,22.2499,2.5109,0.0188,6.6846,0,4,1,43
49.6723,183.7421,0.1005,7,323.093,2007.5048,27.3206,0.0,0.0942,9.3873,2,5,1,24
38.8638,259.7602,0.012,4,268.4461,1345.7955,11.8019,6.4492,0.0,3.1698,2,7,0,10
51.1792,256.8133,0.1756,5,72.905,1482.2874,15.8024,10.1134,0.1251,4.1069,0,3,1,3
28.1772,405.8587,0.1121,2,170.5259,1073.5343,28.7487,7.4751,0.1341,12.5346,0,5,2,38
12.0843,344.4749,0.1961,8,113.2465,1413.5101,33.3485,9.552,0.1389,8.2178,3,7,2,19
28.2821,230.1045,0.0442,3,398.3041,1739.1866,15.5995,10.9682,0.0378,5.9492,2,5,1,2
67.4173,265.9478,0.2291,13,10.0,1895.6269,42.5183,10.3608,0.1848,12.2697,5,10,2,53
36.7366,281.0,0.1218,8,184.4285,2743.0901,17.1435,9.5731,0.0673,9.359,2,6,2,39
36.7693,310.3402,0.1387,7,336.1965,2317.5343,35.9246,11.0342,0.1708,11.9817,2,6,2,44
45.1932,215.041,0.1597,5,546.2214,2960.8954,27.1756,10.3771,0.1423,9.4785,3,3,1,51
34.5319,207.684,0.0438,6,302.965,2112.0214,21.9249,7.7437,0.1237,12.8997,3,1,1,44
48.53,202.5602,0.0729,7,493.6935,1442.6621,21.1184,8.618,0.0219,3.0597,0,4,0,43
48.523,281.4877,0.1041,6,264.0154,1798.508,5.2534,7.7379,0.1248,8.2265,2,4,1,10
59.6072,150.5431,0.0942,3,347.1189,1557.8481,22.0991,7.9247,0.0,0.5,1,1,0,29
61.8888,233.2523,0.0733,11,324.7337,1555.3521,22.4355,11.0505,0.1805,7.549,1,8,2,47
37.4914,175.7654,0.2158,7,299.5593,1978.514,16.5259,14.5015,0.1963,9.1206,3,9,2,12
59.7127,258.3798,0.1993,6,157.4314,2129.4091,25.8287,2.6376,0.1257,11.0398,4,5,2,27
35.3529,297.2484,0.0937,10,394.8525,1778.4429,32.6347,11.6447,0.1831,10.4506,8,3,2,2
41.8538,215.733,0.0303,6,387.7284,1827.8351,23.252,5.1537,0.0648,3.0728,1,0,0,49
59.1082,187.024,0.0876,2,471.9474,2506.3548,14.7359,0.0,0.1428,7.9091,4,4,1,24
29.6542,229.1525,0.0766,1,286.8179,2728.831,18.0099,15.8161,0.1112,8.9125,2,5,1,37
18.9406,263.1974,0.0658,7,225.9133,2689.6025,29.8422,4.086,0.163,12.2148,1,5,2,39
58.2114,235.0873,0.0858,5,258.953,1910.1885,7.3616,6.9524,0.035,0.5,3,2,0,31
35.1423,160.0582,0.1168,10,312.1379,1750.599,21.6452,3.8468,0.138,5.3478,0,3,1,17
39.6576,238.2337,0.1112,3,414.1986,2956.432,23.9146,14.5251,0.1774,8.0749,3,0,1,51
7.2418,336.003,0.1641,9,334.4764,2986.4862,29.0154,9.0586,0.2691,14.9408,4,8,2,26
60.2161,326.3879,0.147,9,208.4071,2288.8834,9.2279,8.3757,0.0818,5.2095,4,7,1,6
66.5596,217.8504,0.1265,0,356.3287,2090.1518,14.119,8.1025,0.0327,0.5,0,0,0,29
35.004,182.7232,0.1523,0,299.7517,1326.5522,24.2111,2.1153,0.0543,8.3431,0,2,0,19
46.7224,297.6838,0.1,4,317.0701,2108.2641,9.0808,13.2286,0.0779,5.5589,3,5,1,44
42.3973,280.3585,0.0823,3,472.9034,1921.5401,11.8553,0.0,0.0164,5.8324,0,1,0,15
45.4143,133.3389,0.0726,4,373.6622,1070.2847,20.1864,0.5246,0.0158,4.1454,0,2,0,17
60.757,238.0662,0.0262,0,443.493,1058.2701,0.7601,0.7172,0.0399,0.5,0,0,0,15
80.6616,170.9077,0.058,2,296.399,1068.0082,10.2423,10.4899,0.0761,5.7675,1,0,0,54
50.9785,323.0383,0.1938,6,322.9809,1365.5017,29.7326,18.0209,0.1085,10.4021,3,4,1,30
67.652,196.8518,0.0,0,412.1317,1808.7027,10.1446,7.76,0.0443,9.5385,0,1,0,5
29.5509,332.1197,0.1014,6,310.6454,1929.7832,38.1087,6.6841,0.0077,10.4708,3,5,2,32
57.4862,275.3853,0.0983,1,370.8372,1149.8444,23.7124,7.5205,0.0817,10.3447,0,2,0,44
53.5616,396.901,0.077,3,304.5984,1139.8761,19.8954,0.0452,0.0888,5.8552,0,0,0,23
31.1862,259.7624,0.1906,5,236.0727,2362.2614,20.2203,13.7515,0.1808,15.6714,2,11,2,12
28.1468,338.8484,0.1587,11,326.8846,2212.8024,28.1861,11.7859,0.1051,10.4406,1,4,2,1
74.4087,264.0962,0.1103,8,137.3272,1256.6512,13.8875,15.2596,0.0791,7.3947,6,6,1,36
91.3739,192.9391,0.1393,4,315.4025,1643.1726,28.5811,8.4426,0.0635,1.7599,2,9,1,53
34.6783,229.1359,0.0745,5,142.4365,2351.6469,22.9189,9.0217,0.0023,10.7061,1,8,1,5
36.0686,303.2369,0.104,7,263.9699,2885.0973,36.4146,6.3194,0.1901,8.2753,5,9,2,8
49.4425,94.214,0.0,0,410.7217,660.418,9.7054,5.1081,0.0,0.5,0,0,0,55
22.8622,313.834,0.0885,10,322.378,2004.1946,39.446,19.4876,0.148,11.2288,6,5,2,2
30.5767,447.6703,0.1586,9,243.0507,2446.1584,27.4274,21.6477,0.1415,11.6392,4,7,2,30
85.6582,121.2047,0.0008,2,308.0336,1239.3796,3.4572,14.1337,0.0075,2.2004,3,0,0,36
47.1601,264.8979,0.0062,2,278.557,2044.1583,22.155,0.0,0.0371,5.4472,3,0,0,59
38.7345,148.2814,0.1163,9,286.2007,1243.9723,21.6383,6.183,0.0981,5.0387,0,4,1,17
67.1915,146.475,0.0788,2,481.0307,1581.252,12.535,7.4903,0.0451,3.3523,1,0,0,58
82.6171,178.3832,0.1401,6,174.3064,1500.612,20.4711,10.4612,0.1281,4.3833,3,2,1,53
30.9127,245.9053,0.0761,13,203.2552,2108.0888,38.4611,8.246,0.1784,8.8796,3,10,2,17
57.8965,257.1076,0.1096,2,287.7807,1547.2327,23.4619,8.8553,0.0919,1.4077,0,1,0,29
28.1224,317.6513,0.1136,10,295.3488,2284.1779,13.2929,8.6436,0.1152,5.8806,4,7,1,10
53.4785,328.9068,0.057,8,226.932,2136.6175,11.4591,1.3196,0.078,10.8974,0,2,1,11
38.4464,245.5452,0.0958,5,196.9481,720.7265,28.5723,4.7854,0.0975,8.0546,2,3,1,9
60.3592,111.206,0.1622,0,376.1612,1431.3392,2.0322,5.3953,0.1471,6.0341,1,2,0,12
80.6298,204.5902,0.0513,4,398.327,1062.5667,10.6381,4.2725,0.0,5.6894,1,7,0,14
56.2261,275.6975,0.046,3,292.2907,1852.3594,12.8966,6.0147,0.049,11.6137,1,4,1,5
86.7578,143.5433,0.0,2,661.0893,905.4924,18.8083,0.0,0.0,4.2866,0,0,0,43
59.8776,413.7298,0.1217,3,310.5649,1767.6675,21.9527,15.3244,0.0302,10.0475,2,2,2,30
34.1075,280.1684,0.0556,1,386.0822,739.7314,17.8706,4.2281,0.0803,6.2085,5,4,1,2
27.3811,321.9452,0.0687,8,208.903,1957.0908,26.6433,4.412,0.1155,9.131,4,5,2,59
46.2525,119.3884,0.0,0,495.1466,1547.6559,27.741,3.8192,0.0494,3.2514,0,1,0,50
42.3466,286.8613,0.1579,11,139.6631,2484.9584,21.0675,11.5045,0.2571,5.4919,3,6,2,6
61.0771,323.2898,0.0697,6,459.5794,1709.8945,18.4728,8.2675,0.0401,8.8484,3,1,1,57
26.6208,190.954,0.0255,5,455.0081,1950.7856,12.5102,3.0913,0.0557,7.0954,1,0,1,26
38.2629,232.8389,0.149,4,499.2675,3149.3077,15.4494,13.2578,0.1053,7.4615,0,3,1,51
73.5078,128.536,0.002,2,446.3711,2376.9659,12.2274,0.0,0.0,8.2643,0,3,0,24
46.7577,225.8353,0.2307,10,203.5602,2282.4959,25.0774,17.457,0.1923,12.7561,2,9,2,3
25.408,329.321,0.1409,11,266.3082,1833.1992,32.5459,10.6184,0.1,12.2259,7,6,2,49
38.2653,379.7125,0.1113,6,270.5199,2724.3144,16.2761,11.0211,0.2327,12.6848,2,5,1,15
13.5192,306.1559,0.1757,5,21.7277,1251.478,29.9371,5.4608,0.1226,9.6551,2,5,1,19
45.7141,222.9555,0.0746,4,509.6663,1399.7749,9.9117,1.0768,0.0308,8.6512,1,0,0,49
63.7578,153.4568,0.1517,5,207.7709,1318.371,33.7884,9.447,0.1121,9.6587,4,8,2,53
16.61,213.1295,0.1149,9,294.6023,2344.7283,24.1891,5.6183,0.1243,8.8112,2,3,2,39
46.9535,351.5831,0.1113,13,59.5393,2107.2417,39.6753,15.3962,0.2377,12.0612,6,9,2,47
62.912,255.5591,0.0344,3,339.7965,1855.7787,5.5801,0.0,0.0864,4.9187,0,0,0,11
62.5928,255.0027,0.109,6,126.6957,1348.3969,22.0072,9.2913,0.0616,4.9507,1,4,1,27
35.8634,277.9208,0.1337,3,435.6427,2577.4494,16.8219,5.1363,0.1147,7.6827,0,2,1,51
35.8869,271.3571,0.1444,3,54.6176,1884.9159,21.7726,11.7712,0.0919,8.1907,3,2,1,21
77.3876,178.4263,0.1707,8,187.6536,1137.1266,25.5329,7.0408,0.0794,4.487,2,3,1,53
59.2767,333.2787,0.1286,4,331.5445,1431.4072,8.0354,6.7145,0.0834,12.2443,2,3,2,57
19.8901,344.7139,0.0352,8,371.7211,1733.8187,23.0245,16.1857,0.172,13.1847,5,8,2,2
58.3557,289.6687,0.1068,5,281.3711,2152.2885,25.5506,6.3617,0.1249,10.1575,2,2,1,11
27.7003,266.3563,0.0717,10,277.142,2402.34,23.724,0.0,0.1856,11.7941,0,4,2,39
51.082,286.7636,0.0931,5,396.6173,1737.0443,15.4016,9.7218,0.0224,8.6478,1,1,1,58
5.0,568.1921,0.1868,6,172.5648,3053.1337,31.0156,11.7868,0.1949,16.5445,5,10,2,25
55.9845,196.6621,0.0133,4,317.3288,1630.8273,21.6126,2.9258,0.0399,4.8572,4,4,0,28
38.0612,238.9931,0.0182,7,339.6943,2359.2019,22.2053,8.5996,0.1554,9.3988,2,4,1,46
25.9174,306.4004,0.242,12,175.5127,1815.2754,29.5202,10.8285,0.0913,16.5671,4,11,2,16
22.1519,403.4178,0.1259,6,334.573,481.1764,17.2203,5.0442,0.0419,7.9449,0,8,0,20
59.6531,343.3806,0.0731,10,207.8559,1712.8081,3.0441,6.5837,0.0222,2.3236,1,3,1,40
41.5257,201.1381,0.1575,12,10.0,1189.3349,21.7146,13.8704,0.1477,10.7578,2,5,2,0
37.8379,158.7509,0.041,2,247.2371,1195.962,13.081,5.7919,0.0037,1.1194,0,2,0,34
57.169,230.4474,0.1358,9,71.0626,1746.2579,23.4521,11.1219,0.0489,5.3228,2,10,1,3
42.3277,261.424,0.1173,2,235.5611,1348.3871,12.3074,0.8341,0.0856,10.0017,1,0,0,21
41.8112,223.3152,0.0832,3,242.4458,1397.5755,11.8285,5.6369,0.0722,12.8864,3,0,1,5
39.7792,196.2233,0.137,5,236.3613,2456.7878,34.7321,2.478,0.0514,7.6746,3,6,2,28
68.0431,303.9855,0.0,4,419.4568,1004.7318,8.3746,4.6809,0.0,4.8639,0,5,0,40
32.6008,313.6613,0.1534,6,189.5865,1747.0033,22.3689,7.5151,0.0235,5.8123,2,6,2,32
50.0892,313.9694,0.1756,6,221.0396,1800.5994,15.8169,6.5243,0.0587,9.2787,3,7,2,48
41.8882,312.9916,0.0914,4,256.8711,1219.9751,26.6209,6.4835,0.1315,8.6127,1,5,0,21
57.5808,153.0771,0.0939,7,191.9704,1322.2094,29.1662,16.3709,0.1455,8.2971,6,5,2,36
23.0126,198.9149,0.0,3,375.2347,1207.7008,19.9223,2.7756,0.0506,1.7902,2,4,0,34
27.9342,335.7431,0.2243,10,480.4512,2926.3207,22.6704,10.4448,0.0859,11.2577,0,8,2,41
74.1055,186.759,0.1575,2,232.7602,1825.9065,28.0098,0.4734,0.0661,11.5797,3,4,1,27
56.951,346.9253,0.0449,12,227.7894,2118.1778,22.7673,13.2856,0.0902,7.8622,4,10,2,40
52.2835,269.5828,0.2061,10,195.5991,2136.3386,36.1457,10.6747,0.1722,16.918,4,5,2,45
31.0411,336.9376,0.0864,5,236.1035,1393.2668,26.4926,18.2372,0.1074,6.5787,2,6,1,2
77.5462,249.8811,0.0707,0,409.6817,1270.123,19.2494,8.9295,0.02,8.4635,1,4,0,14
54.7062,97.802,0.0934,4,322.8,1400.3298,27.8817,2.8736,0.0979,0.6341,2,1,0,17
38.0546,258.313,0.1203,0,295.8094,1390.4336,14.2415,1.3837,0.0724,10.508,0,1,0,21
27.6672,310.274,0.1514,2,247.8699,1551.367,27.4236,0.7662,0.0048,7.283,1,5,1,32
27.2556,229.0231,0.0883,9,239.0128,1704.3224,8.7925,12.2609,0.0609,6.3512,2,4,1,10
25.6973,284.1173,0.205,5,133.0618,1280.802,24.8943,13.5792,0.0861,13.7197,5,8,1,9
59.5854,387.9379,0.1242,4,293.0931,1275.3584,35.3222,9.8967,0.0863,7.9093,3,7,2,45
51.7273,312.07,0.0748,2,512.131,773.6818,18.2812,11.5536,0.0474,2.267,1,2,0,30
47.4581,271.2044,0.1002,4,367.9915,1615.4052,15.289,9.1372,0.1131,7.8301,1,6,0,18
58.2621,246.7201,0.086,0,490.9438,1941.7865,9.459,8.5134,0.0481,7.8675,2,2,1,57
31.0565,252.801,0.1635,9,263.1395,1942.4864,24.6999,9.6368,0.1692,15.0166,2,7,1,16
45.5145,268.919,0.0886,5,313.9908,1366.7032,24.7719,4.9234,0.0298,4.4193,2,3,0,34
49.4149,347.2335,0.1212,3,248.1757,1536.0626,22.9574,7.384,0.0916,5.0476,2,3,1,32
31.0612,368.2448,0.1941,7,191.4477,2180.8272,22.2739,11.3843,0.0735,9.1663,1,5,1,16
54.78,229.8146,0.0668,6,297.3115,1985.8508,22.3957,3.7909,0.0675,6.6486,3,4,1,46
46.4608,126.7964,0.0,0,274.2429,810.4488,11.1459,0.0,0.0384,0.5,0,0,0,34
18.8001,229.9785,0.1872,4,197.4301,877.911,25.7785,3.2816,0.1179,8.875,2,3,1,19
56.7224,107.4984,0.0765,0,473.8959,1350.8385,21.2265,2.1092,0.0021,3.8727,0,0,0,50
45.6912,384.7528,0.1683,13,67.5572,2759.8129,36.1145,8.3016,0.2608,13.1793,1,5,2,11
39.097,211.0143,0.0,4,362.3332,849.5247,10.6499,3.3913,0.0849,7.4875,1,3,0,35
41.4658,87.889,0.0694,0,477.5886,1718.6902,14.7346,8.5448,0.0,1.3449,0,0,0,51
65.0827,250.4773,0.0494,2,399.8941,1795.3573,18.827,5.0301,0.0177,1.4817,2,6,0,40
49.6395,303.3507,0.1474,4,368.0528,1718.5051,18.6431,10.7417,0.0323,8.6559,4,7,2,58
87.1408,319.2222,0.0367,5,344.3794,1742.9066,13.7422,7.6963,0.0,8.6366,0,3,1,14
27.9314,197.2261,0.0,0,314.2374,1848.7271,14.0445,0.0,0.0414,3.4217,0,1,0,26
89.0871,257.2981,0.0,5,408.5356,1259.5234,11.711,4.376,0.0,3.1002,0,0,0,14
16.4196,214.4253,0.061,3,310.8771,2311.9918,25.1134,3.8623,0.1232,11.3677,2,6,1,26
26.478,339.7706,0.1561,7,193.9874,2758.8154,25.0959,16.247,0.1772,9.9962,3,7,2,10
70.6549,169.0893,0.1136,4,291.997,1537.7511,20.945,1.6093,0.1422,10.2124,3,1,1,27
41.5677,125.798,0.0642,5,396.714,1425.3921,32.6119,9.765,0.0785,2.1237,2,0,1,50
67.0469,235.4322,0.1332,3,233.274,1818.475,18.9649,2.3279,0.0642,7.7542,3,6,1,27
42.18,252.2975,0.1236,13,92.7398,2735.8906,26.9827,7.3445,0.2295,16.36,2,8,2,11
43.8419,239.7772,0.1681,5,357.29,2224.5895,31.9038,8.7869,0.0485,11.6297,4,9,1,56
37.857,189.2763,0.0775,8,362.6886,1211.6215,27.3251,4.1666,0.0838,6.456,0,2,0,49
62.0151,165.5725,0.0,6,314.3885,1660.9232,18.3715,4.6949,0.0308,1.3871,0,5,0,33
60.4389,322.6285,0.0759,1,546.4617,2625.64,9.6554,5.1365,0.0016,8.5608,0,4,0,51
43.2238,371.8972,0.0946,6,238.8273,1974.604,23.6043,10.2654,0.1777,11.0856,3,6,2,38
41.0924,150.0007,0.0,0,320.5388,595.1543,18.8833,0.0,0.0,0.5,0,0,0,34
22.2214,435.9969,0.1132,6,333.1249,1306.406,29.5402,5.556,0.1758,10.2909,5,4,2,38
33.7279,172.3205,0.1148,3,335.2376,675.024,32.3532,5.1264,0.0536,9.6093,5,4,1,9
54.8685,336.1606,0.2154,15,248.9503,2578.5154,33.0639,5.0115,0.1761,13.3142,4,5,2,42
52.005,351.5768,0.1135,11,362.4569,2084.152,21.9461,13.6809,0.058,12.1875,2,5,2,40
19.0238,263.797,0.1181,9,398.1774,1322.5691,17.2722,3.3724,0.1301,15.8825,1,3,1,5
45.8602,166.8414,0.0,0,428.974,578.2325,14.7667,0.0,0.0,0.5,0,2,0,9
29.1866,187.4182,0.0658,7,258.0204,1405.1257,29.1919,9.22,0.0623,8.553,4,6,2,35
63.6828,202.9714,0.0204,0,464.8134,2020.1616,7.3602,0.0,0.1037,5.3958,1,0,0,13
20.4258,207.5161,0.0899,11,368.7775,2305.2358,40.5607,12.7273,0.1415,11.6118,4,5,2,50
52.657,271.6392,0.0465,4,217.3623,2137.3924,9.1326,0.0,0.0183,4.1529,3,1,1,59
58.4654,128.7411,0.0,2,551.2155,1572.2955,6.3727,0.0,0.0,4.9104,0,2,0,28
41.2768,127.4714,0.0105,6,176.7172,1074.9058,25.1013,8.8005,0.0634,0.5,3,5,1,0
77.8231,161.1063,0.0,0,478.7723,1090.642,6.5902,0.0,0.0,4.9821,1,1,0,45
73.1264,208.6092,0.0,0,297.8952,1429.0128,6.6926,5.5204,0.0869,2.151,0,2,0,47
26.7316,295.6271,0.0878,5,351.6292,2023.5244,19.7581,0.0,0.1141,7.4384,2,4,1,59
29.0713,334.7057,0.1897,7,174.2264,1522.3101,35.4065,11.9196,0.1186,5.0661,7,6,1,55
62.5553,179.442,0.1151,5,241.1663,955.3519,29.0992,0.0,0.103,6.6551,0,8,0,0
62.4865,294.1332,0.0926,3,252.3339,1822.6369,17.1096,9.9855,0.1216,11.5093,2,1,1,30
52.064,237.5623,0.0198,0,357.0262,1252.1568,12.7774,7.0462,0.0,0.5,0,2,0,35
47.0037,179.4449,0.0327,3,248.8495,1492.0311,13.3499,6.6762,0.1013,10.3576,1,0,0,21
34.9694,403.6768,0.2094,10,163.6402,2398.5922,29.1889,21.181,0.1879,10.8938,8,12,2,56
43.9474,217.6758,0.0721,5,412.3468,2555.5798,5.819,3.7289,0.0244,5.3671,1,4,1,41
45.7506,224.6618,0.0934,6,282.3196,2422.2693,22.8533,7.0402,0.0688,12.7799,0,6,1,37
59.0399,234.1009,0.1111,3,362.9943,1095.5147,16.9251,3.1728,0.0132,0.5,0,1,0,42
82.7273,317.1419,0.011,0,525.3327,1398.948,3.7572,2.1649,0.0137,4.2643,0,2,0,4
48.3489,223.0832,0.0076,0,459.5056,860.144,27.0792,8.5351,0.0319,1.7868,2,1,0,50
39.9001,178.6335,0.0413,1,349.3979,1014.1593,29.1474,5.8531,0.0303,4.5935,2,5,0,9
57.6311,145.6414,0.0315,2,440.049,1604.0299,22.3852,14.0049,0.0,7.3329,2,0,0,50
33.6549,231.7399,0.0028,1,379.2581,533.7885,16.3169,0.0,0.0307,0.5,0,0,0,20
41.5209,309.3025,0.1811,15,10.0,2134.5919,34.2675,19.3537,0.2455,18.2111,2,10,2,3
77.1776,121.2973,0.0,1,385.3219,294.9872,16.7098,5.3885,0.0397,0.7309,0,0,0,47
51.3108,305.184,0.225,8,10.0,1847.5704,37.3039,21.9421,0.2144,9.1955,4,9,2,53
40.2619,244.9538,0.1741,8,362.6718,1633.1978,19.0111,4.2389,0.1361,11.4122,3,5,1,49
58.141,238.4766,0.1686,5,359.4316,1571.3002,21.2872,0.1606,0.0299,3.9044,0,0,1,48
56.1499,207.75,0.0287,5,330.2189,1576.6336,18.3327,5.6726,0.0216,4.9711,2,5,1,35
52.886,338.0107,0.1603,9,213.4742,2417.7521,15.5387,4.7291,0.1013,7.2232,3,7,1,6
52.8435,118.2416,0.1506,3,381.6135,1497.7806,8.9268,11.0696,0.1515,6.1038,3,8,1,12
35.0437,391.7715,0.0528,2,272.4149,1464.5535,14.0629,3.3598,0.1573,6.8448,4,8,2,25
56.1332,261.2007,0.0,0,454.5605,1381.1986,15.3302,1.0813,0.0,6.496,0,2,0,13
51.9792,168.3007,0.0448,4,379.8818,1232.5547,5.5267,6.2511,0.0479,4.6204,0,0,0,44
62.9711,280.1845,0.0778,5,194.6737,1686.742,24.3109,11.7654,0.0565,10.4951,2,11,1,36
37.0346,451.2444,0.1242,9,244.7855,1795.7337,17.8408,7.8006,0.0732,10.3627,2,5,2,32
65.0248,238.3222,0.1097,1,369.1896,1810.8972,30.0797,3.4599,0.0301,7.9311,0,0,1,22
66.0339,321.6353,0.1863,8,206.6434,1510.3898,24.4637,8.0758,0.1672,10.0957,2,6,2,27
54.3374,204.4108,0.1079,1,345.6648,878.5523,14.3287,9.6218,0.0022,1.0514,2,0,0,34
35.566,362.3004,0.0869,9,162.3474,2005.9284,17.7935,8.3497,0.2709,12.5394,5,7,2,18
45.1196,371.1223,0.0664,8,209.1286,2090.1238,19.4294,4.8414,0.1681,13.1837,0,3,2,11
62.3892,144.4031,0.0468,0,310.8262,2458.7518,12.9644,6.3693,0.036,5.4829,0,3,0,37
33.5164,380.3124,0.1912,11,221.4617,1609.7944,33.4072,7.3333,0.0827,9.6826,3,11,2,17
13.5008,301.7481,0.2363,11,311.0135,3178.7449,25.8071,16.0397,0.2009,12.0111,5,4,2,41
33.1085,395.713,0.1067,3,254.5733,2418.9169,23.7843,5.005,0.1671,9.0879,4,1,1,15
6.9788,418.8888,0.2439,11,103.1562,2523.0822,26.8965,14.3632,0.183,13.6719,0,10,2,20
50.3306,283.7317,0.1809,8,57.8123,1410.2071,25.1582,7.7359,0.0907,8.0973,3,5,1,0
28.6772,298.011,0.0432,4,292.3923,657.4597,18.5825,5.8029,0.1407,8.1897,1,2,1,38
46.8446,150.2591,0.0,2,524.8678,1098.1017,21.3672,0.0,0.0646,5.905,1,0,0,7
30.2584,178.4837,0.1206,5,352.873,2196.7734,14.7294,4.8042,0.1726,10.8355,3,4,1,26
33.1232,219.1209,0.038,3,175.7721,924.3832,23.1924,4.5425,0.0798,3.5303,2,3,0,17
45.0474,253.9107,0.1134,4,571.743,2066.8281,0.0,4.4527,0.0,6.7138,1,0,0,41
51.0602,137.77,0.0471,0,343.3649,653.6205,16.5792,0.0,0.0189,0.5,1,3,0,17
46.3425,249.6921,0.138,6,404.5781,1479.796,13.2042,7.5134,0.1171,7.8924,2,7,1,49
85.5401,95.9124,0.0,2,407.8452,248.7322,11.93,3.2928,0.0424,2.1697,0,2,0,47
85.1995,86.264,0.0074,2,552.5182,1481.7641,7.3739,0.0,0.0,3.7906,1,2,0,24
100.3245,100.016,0.0,0,580.5718,184.4695,4.4843,0.0,0.0,0.5,0,0,0,42
65.1729,320.108,0.0894,5,354.3684,1438.9476,20.2093,12.652,0.1102,12.759,2,6,1,30
36.9322,163.0615,0.0887,2,476.6131,1836.4937,18.3477,7.3421,0.1388,11.8745,2,4,1,22
50.823,140.9057,0.0712,0,544.5192,2023.6418,0.7693,8.8156,0.0,2.8744,0,0,0,51
50.5938,245.5188,0.0,6,401.9665,1584.0758,12.5467,0.0,0.0387,8.4851,0,0,0,5
62.887,180.974,0.0595,0,475.8938,1406.825,15.3115,0.0,0.0076,3.5829,0,0,0,15
16.9608,281.806,0.1784,12,218.7559,2928.0165,30.9763,5.9921,0.1785,18.5622,1,4,2,39
32.6395,157.5431,0.0672,0,360.4698,2619.4664,18.8065,5.445,0.0976,8.409,1,6,0,37
34.2972,307.4102,0.1692,8,130.827,1869.6833,24.2357,12.4051,0.1311,6.2231,4,4,2,56
45.2986,86.3413,0.0547,2,367.1491,140.3904,12.4981,3.617,0.0236,6.0462,3,2,2,49
36.0993,224.6359,0.0006,2,378.1613,1235.0334,14.8052,6.9424,0.0613,3.5918,1,2,0,2
17.0997,219.7154,0.1569,10,201.1795,2001.658,23.8999,15.1093,0.1289,8.5527,6,7,2,9
44.7999,343.1413,0.1921,8,219.7295,2304.1603,17.8906,10.1057,0.2816,10.8557,4,4,2,18
35.6776,384.271,0.211,9,184.8906,3219.347,35.5391,12.867,0.1993,7.3056,3,8,2,29
57.4696,223.5769,0.1473,10,249.3738,1858.771,27.7448,17.2745,0.1918,12.887,3,7,2,54
16.2951,244.5234,0.1051,5,447.0682,1270.5115,24.5516,5.0969,0.0082,7.4955,1,2,1,7
41.8248,211.2759,0.0999,6,216.6605,2050.6316,21.682,11.5665,0.0598,8.6687,2,3,1,44
12.0602,511.4502,0.2194,13,121.7878,3171.622,26.3114,20.7557,0.2415,17.19,5,9,2,25
66.1349,297.5131,0.0883,5,357.6332,2037.2585,13.6213,0.0,0.1138,3.577,2,0,0,6
38.1319,265.5065,0.0927,6,355.3826,1660.2577,17.8608,11.1762,0.0803,3.8924,2,8,1,2
54.4353,261.5234,0.01,0,456.0096,1904.2547,14.1944,4.827,0.0738,5.2866,0,0,2,15
55.6394,272.3214,0.1184,3,285.5412,1423.6034,27.3786,0.0,0.1426,4.8993,1,4,2,24
49.5324,243.6004,0.1572,7,347.0114,3009.0251,26.0338,5.8637,0.1724,8.8783,3,7,2,24
7.9264,365.7659,0.1702,10,10.0,1472.7866,27.867,10.8708,0.2167,18.9982,4,9,2,19
27.45,170.1635,0.1154,7,479.5076,1366.4723,29.9512,14.4139,0.0767,9.6233,3,8,2,22
49.3527,228.2449,0.079,1,384.9999,1701.4965,4.9079,0.0,0.0261,5.9643,0,0,0,13
39.0111,371.9156,0.2187,6,238.8325,2151.7784,17.8957,9.7273,0.0885,11.1883,4,6,2,56
60.969,250.5112,0.0837,0,338.4475,1621.8165,14.9272,8.2993,0.0066,0.5,0,1,0,31
24.008,366.5379,0.0531,4,352.6815,909.3922,20.9661,10.7749,0.1361,11.5109,2,5,1,38
43.8298,374.3149,0.1846,9,225.2284,2608.9466,31.3851,6.093,0.1709,14.998,3,10,2,1
29.5107,341.0564,0.1396,12,72.0935,2555.5717,29.8167,8.5384,0.1419,10.6413,4,10,2,1
54.4393,265.1054,0.1002,4,104.6769,1633.2693,20.5939,5.5394,0.1484,6.06,2,2,1,23
46.9822,141.304,0.1032,0,417.2316,1372.1389,16.9749,4.6132,0.0,4.8603,1,4,0,48
64.4716,222.559,0.0592,0,350.9657,1609.3988,16.8484,0.0,0.0803,3.4856,0,0,0,13
15.2267,532.9517,0.1479,8,126.922,1518.8063,27.5035,12.1668,0.1616,11.8208,4,8,2,38
43.463,151.2856,0.0,0,401.4371,1785.7385,8.51,3.5929,0.0049,0.5,0,4,0,37
37.1715,286.087,0.1633,10,95.9753,2596.5813,41.6012,7.3819,0.2112,10.6296,3,7,2,52
17.7646,281.1037,0.1251,5,238.9613,1381.0734,23.289,13.1646,0.0705,5.406,4,7,1,55
67.1674,80.0,0.0,0,390.9122,100.0,14.3429,0.0,0.0,0.5,0,0,0,9
81.6619,213.9003,0.0747,8,420.4736,624.1047,8.2021,6.4136,0.0,8.1922,0,5,0,14
25.6148,272.3444,0.2592,8,83.0703,2159.5147,32.5962,19.1699,0.185,17.2599,7,9,2,16
32.6304,173.1597,0.0158,1,243.265,1860.8426,14.2092,5.34,0.1041,8.6472,0,2,0,26
49.5414,225.2815,0.0323,5,265.9943,2120.156,11.6476,8.3646,0.0456,5.9413,2,5,1,44
33.4406,294.5213,0.0614,7,274.5162,2029.6807,12.6707,8.1919,0.0472,10.7813,2,4,2,10
36.9591,308.4497,0.0894,9,182.3534,2100.0955,20.7809,6.0853,0.2015,13.4509,2,7,1,11
32.8899,249.1628,0.1402,8,361.9891,2972.4053,15.5578,12.1089,0.1123,11.2314,4,5,2,41
62.4792,80.0,0.0,1,385.2821,203.5296,24.6564,3.4716,0.0,0.5,0,0,0,9
37.2663,317.9064,0.1303,6,317.4599,2028.1791,27.7875,10.3504,0.1575,8.1769,3,4,2,22
93.8847,100.1049,0.0,0,460.239,462.2233,2.912,0.0,0.0,0.5,0,0,0,42
57.8444,221.9001,0.042,2,380.2066,1451.4705,9.0487,5.5931,0.0661,0.5,2,0,0,31
75.964,391.4612,0.0879,6,275.8208,1635.2239,22.1982,11.7474,0.0794,13.2458,2,4,1,4
73.9741,166.9048,0.0078,3,254.7025,761.9354,12.8102,7.2696,0.0952,2.6018,0,5,0,47
20.6866,248.3916,0.149,10,237.0078,2086.6002,40.6892,11.8859,0.2332,13.8614,6,8,2,49
50.5592,118.5106,0.0179,0,387.9478,1548.2022,0.0,8.0782,0.0115,1.3429,0,0,0,46
56.7223,285.3316,0.1759,4,467.9472,1685.302,23.7436,10.0666,0.0947,5.4264,0,3,0,43
26.2854,201.3945,0.1055,11,297.2147,1468.8171,30.2195,7.4737,0.125,9.0493,4,5,1,17
40.0676,80.0,0.1119,2,272.5878,1909.4406,27.7853,2.9748,0.1047,5.8385,2,0,1,52
67.2842,247.3986,0.0797,1,321.5727,824.2947,15.344,10.8147,0.0,3.2042,0,3,0,30
28.4738,225.6467,0.2068,2,37.4359,1901.8843,17.5641,10.2843,0.0627,8.5559,3,0,0,21
73.4553,216.1276,0.0,5,219.2076,1795.9887,21.5038,13.2765,0.0611,5.8442,4,4,1,36
64.0883,99.1741,0.011,6,302.9861,1099.9396,14.6721,6.0149,0.0074,4.7984,0,3,0,33
72.4088,114.8621,0.0,0,441.4436,180.406,6.1834,0.0,0.0,0.5,0,0,0,34
34.0062,192.63,0.0746,7,279.0852,1552.8096,17.9363,8.3501,0.0662,11.5895,1,6,1,22
42.5602,172.4252,0.2328,3,155.7282,2026.6293,16.8673,14.284,0.2229,9.9597,4,10,2,12
58.3131,342.362,0.2002,6,187.324,1883.7905,27.6279,8.7437,0.1692,11.562,6,5,2,45
58.8663,302.2563,0.0251,9,355.1698,1385.9681,12.8656,4.1746,0.0422,10.8105,2,3,1,57
39.4269,240.585,0.1389,8,233.0002,1897.0899,32.0961,15.68,0.1384,15.0266,2,8,2,58
63.4547,328.1656,0.2234,13,27.7899,2110.7245,23.5341,13.8925,0.1282,14.9578,3,8,2,27
51.8832,250.5754,0.0829,7,236.6373,1460.6722,24.632,1.6646,0.0803,9.7656,4,5,1,45
60.4622,268.221,0.0898,8,228.5863,1555.017,12.0453,9.7798,0.0966,13.198,0,6,1,14
39.5605,386.4105,0.1862,4,363.0336,4358.5059,24.1318,9.7565,0.2841,13.9161,2,3,2,51
29.1821,380.5788,0.0492,5,297.4484,689.5841,20.9876,3.1911,0.022,4.8002,0,4,0,20
16.174,351.4255,0.2152,10,124.168,2316.4677,17.1425,14.6416,0.2344,14.8232,6,9,2,10
42.094,291.5493,0.0973,7,294.9314,3045.101,35.5911,4.5693,0.1452,9.2869,3,9,1,8
56.7336,307.0659,0.1425,10,294.2614,1971.6826,27.3349,7.9578,0.1206,14.4131,6,8,2,45
50.4412,376.0777,0.1676,8,227.9944,2281.6083,32.1882,3.3364,0.0398,10.511,5,2,1,42
49.0315,268.6823,0.1275,2,479.5792,2647.8867,21.9925,10.9234,0.1673,7.399,0,0,1,51
41.2072,376.0609,0.1488,10,227.1761,2364.6542,27.1838,6.4039,0.1959,11.1909,3,11,2,56
34.6645,413.6311,0.0,6,240.9605,285.1,25.208,6.58,0.0635,9.9021,1,4,1,38
38.6881,128.819,0.0897,2,421.5012,1482.5116,19.5954,8.2066,0.0435,5.5865,0,2,0,22
64.5372,228.8538,0.1647,8,384.3732,1975.0127,33.7393,10.5224,0.0795,13.884,1,7,2,14
36.0492,208.0418,0.0758,3,346.0932,1512.1223,26.7367,6.4896,0.0809,6.316,0,2,0,49
49.3141,301.9469,0.2002,5,141.9449,2161.8428,24.0867,10.2917,0.1438,9.8398,2,5,1,56
61.7745,285.7133,0.1942,8,307.9082,1892.9591,24.8291,2.0451,0.0298,2.516,1,6,0,42
27.4813,313.2772,0.1695,8,177.9442,3086.143,36.3332,12.5845,0.1376,6.5297,4,9,2,29
33.4314,325.6663,0.1153,8,291.67,2485.7651,33.2551,11.6719,0.1543,14.4576,5,11,2,40
53.5862,209.3538,0.0095,4,357.9573,2902.9041,16.2032,0.0,0.0291,6.2991,2,0,0,8
51.6437,165.222,0.0565,4,329.8936,1746.5061,31.0213,0.0,0.0167,5.332,0,2,1,28
5.0,416.9735,0.1379,14,84.4265,3017.8467,20.635,19.9113,0.1785,13.0129,5,10,2,10
60.968,154.7664,0.0308,0,394.5783,1651.8003,24.9026,0.0,0.0279,3.1477,2,4,0,28
29.5588,267.6518,0.1474,3,200.441,988.833,22.7266,6.0182,0.1024,5.4307,5,3,1,9
39.9051,161.725,0.0,3,304.3371,1462.7736,17.1979,8.3605,0.0395,4.857,1,0,0,55
67.5465,272.8948,0.1475,10,164.1368,1995.0907,24.5763,11.6477,0.0897,8.8081,6,5,2,27
57.0718,119.812,0.0,0,414.7783,227.0156,22.2862,0.0,0.0,0.5,0,0,0,9
38.199,224.4023,0.0466,2,343.6731,1313.7356,11.652,5.5827,0.001,0.5,0,0,0,34
57.1765,202.353,0.1198,2,430.761,1287.3607,7.9122,0.0,0.0747,8.1963,0,3,0,16
55.2548,246.7573,0.1542,3,306.4901,1610.5685,18.9298,5.9121,0.0426,3.5623,2,1,0,56
33.9724,340.5229,0.179,7,456.4409,3444.0266,23.3506,18.6335,0.1751,15.0967,3,7,2,51
59.9643,182.778,0.132,3,285.5951,1793.2479,25.237,11.1252,0.1713,6.0861,2,5,2,47
8.2505,294.8674,0.1328,5,222.1164,2257.6261,28.413,9.8214,0.1651,12.9357,4,5,2,52
49.2218,198.4372,0.0266,1,331.6367,286.0261,18.0495,0.8823,0.0168,5.4232,2,2,0,9
41.5203,156.1226,0.102,2,183.3733,1426.6198,21.1516,1.9343,0.0458,7.4026,0,0,0,21
73.8294,215.4862,0.0251,10,244.0469,1145.3648,31.2163,11.3161,0.0988,6.2335,2,3,1,47
50.8989,217.4912,0.1234,8,312.3277,878.1594,22.3233,4.0331,0.1096,5.6959,3,1,1,46
72.622,208.8592,0.127,8,481.6819,1488.6926,11.711,2.7104,0.0738,0.5,2,1,0,6
56.5943,272.4192,0.2013,7,273.8569,2193.7081,20.497,3.7887,0.0918,6.9902,4,6,1,48
9.4437,352.2028,0.2172,13,95.7186,2665.0892,33.1969,13.6645,0.1849,19.2192,6,9,2,44
55.8957,283.9252,0.1121,4,348.8273,1802.1761,13.6833,4.4519,0.0549,11.0711,2,5,0,13
31.958,107.6224,0.046,0,481.7722,1707.2891,11.4248,0.9125,0.1088,4.1032,0,1,0,26
28.2065,191.318,0.2101,9,90.0,2239.7077,23.8788,9.2891,0.1611,8.3088,4,7,2,52
42.079,266.2235,0.1649,8,139.1302,1989.7375,26.7853,18.9477,0.1253,9.8027,4,2,1,55
33.423,287.6653,0.1927,7,284.4722,1677.9463,16.3999,11.5588,0.126,4.0805,1,8,2,10
42.3843,311.8734,0.1218,3,298.844,2283.7653,12.1251,3.9188,0.1314,6.5803,1,0,0,15
51.3738,223.048,0.0747,0,226.5026,1658.0452,10.0737,8.6454,0.1057,10.1734,2,3,0,18
40.3388,237.5142,0.0849,3,143.4874,1296.2798,22.2539,5.3676,0.1499,2.1791,0,0,0,19
86.8888,291.7178,0.0841,3,335.5455,1710.4861,13.0259,8.5661,0.0931,9.7425,0,8,1,14
62.6577,289.9258,0.0605,0,415.2764,1150.4965,17.9105,3.4456,0.0447,2.1439,0,0,0,56
28.4089,191.8726,0.0795,5,349.2726,1434.5319,15.883,5.5542,0.0337,6.5672,1,2,0,49
43.2897,219.8762,0.0503,3,383.2908,2495.2793,14.6542,0.0,0.1098,6.7715,4,6,0,8
48.4518,302.2756,0.0888,10,257.8799,2053.7321,14.9931,11.5568,0.0207,9.7371,5,7,2,40
32.6792,234.7643,0.1669,6,138.7843,2879.2288,31.6507,12.7753,0.1858,12.3794,4,0,2,52
66.8598,245.1208,0.0799,3,237.9207,1781.0849,22.664,7.2133,0.0472,0.5,0,1,0,3
60.5061,282.8343,0.0377,6,340.9829,2029.4591,18.3181,10.3422,0.0,7.7269,2,3,1,40
26.0231,306.8857,0.1531,14,234.3797,2187.091,32.8207,13.7857,0.1991,9.9584,5,10,2,2
35.4821,294.8369,0.2016,7,126.3736,2066.0774,16.4019,13.2073,0.1424,8.8688,1,5,1,21
66.1278,178.4063,0.064,2,495.1841,2228.2022,13.9817,0.0,0.0,0.5,1,1,0,8
27.3272,275.738,0.1014,12,226.3954,2770.8897,22.2786,2.3745,0.1726,12.1021,2,2,1,39
11.6503,297.4124,0.1088,12,284.7729,3042.9544,16.527,6.6456,0.1386,15.3167,2,11,2,39
14.5467,235.9924,0.1159,12,329.7547,2575.2336,31.0037,3.8459,0.1712,11.187,1,4,2,39
49.4961,371.4694,0.1065,6,293.577,1958.0333,26.9107,9.7581,0.2476,8.4648,5,6,2,35
41.897,248.5032,0.0937,3,216.942,1546.9229,18.8018,3.8692,0.0293,8.9828,0,1,1,21
45.2089,122.4572,0.1266,4,336.1467,1923.6913,20.3606,1.0719,0.0,1.301,1,5,1,28
29.2312,250.3645,0.0833,7,233.6005,2217.4212,21.3887,0.0,0.1159,6.8193,0,5,0,39
9.6231,460.2227,0.1765,9,16.0551,1696.6023,26.7963,12.8245,0.2076,16.8464,3,5,2,38
43.9027,125.6742,0.0,0,438.6874,1528.0606,2.9997,0.0,0.0191,2.2262,0,0,0,26
59.7074,301.6714,0.0555,6,427.9666,1356.1502,21.1372,13.2847,0.0,1.467,3,6,1,40
69.8788,183.3692,0.1334,5,154.9625,1167.2273,14.4549,17.6178,0.0973,5.0806,0,2,1,3
62.0517,92.4864,0.0392,0,445.4762,1459.2478,16.5921,0.0,0.0,6.1432,0,3,0,22
48.7576,260.396,0.0624,4,334.0386,350.0988,14.8065,0.0,0.0558,4.0275,0,0,0,19
61.4401,262.7784,0.042,2,452.6533,1610.3637,14.0485,0.0,0.0635,10.3665,0,0,0,5
65.5926,252.0438,0.1365,6,352.43,1035.3097,19.6009,12.22,0.0503,14.9561,1,6,1,30
35.0591,242.1668,0.1056,1,460.7732,1586.0347,16.2352,4.0069,0.0201,6.5821,0,2,1,7
46.4652,284.2606,0.1137,2,297.3541,1769.497,22.7693,14.0407,0.1181,0.7894,4,1,1,31
35.0775,232.9369,0.1993,9,114.055,1818.2042,16.7939,8.216,0.0955,8.1155,1,3,0,16
69.3973,246.9532,0.0405,9,350.5443,1280.8952,27.756,9.8897,0.1274,6.8339,3,3,1,47
44.1626,386.6084,0.1314,9,179.6623,1311.9768,29.9387,7.7176,0.1533,11.376,5,1,2,23
48.5709,198.409,0.1412,5,251.9087,1343.439,19.2291,7.1437,0.122,7.2928,3,11,2,48
74.4595,303.7551,0.1292,9,379.5048,1642.5207,25.8087,9.9282,0.0811,12.1964,0,3,2,14
77.5603,180.3276,0.0327,0,441.0153,832.8055,15.4663,0.0,0.0,0.5,0,0,0,48
7.8253,392.1487,0.1359,7,252.7335,1678.629,33.1618,14.0432,0.1549,16.2708,0,6,2,20
36.9533,130.0128,0.1029,2,345.2952,1829.2799,19.2477,0.0,0.0027,2.3642,3,7,1,28
44.308,293.2859,0.1527,6,210.6441,1719.1844,29.4767,11.3051,0.0943,8.8678,0,6,1,56
8.9415,366.2704,0.1277,14,297.2383,1659.4212,32.1494,13.3758,0.1268,10.5156,2,6,2,7
64.4212,199.5634,0.089,2,362.756,1539.6442,24.5312,9.4139,0.0067,6.1326,0,2,1,58
54.4811,258.5248,0.0755,6,353.3498,2489.3332,24.76,0.0,0.1742,9.4191,1,3,1,24
84.1022,80.0,0.0386,0,248.2992,889.0716,11.359,11.8479,0.0,0.5,2,2,0,36
71.0879,186.1417,0.0151,3,331.5674,1106.1259,19.6965,7.0172,0.051,2.8677,0,3,0,47
27.4468,356.713,0.1646,8,224.396,2759.077,26.6883,6.2673,0.2116,12.7813,3,4,2,39
57.4144,340.1193,0.1046,4,356.8944,2314.3748,21.1271,7.4369,0.0,10.6786,3,3,0,13
45.9034,194.0822,0.0878,2,258.1142,1538.0219,20.3417,2.4506,0.118,10.7483,0,4,1,22
30.8583,339.9773,0.1296,3,290.597,2091.4448,17.5622,7.4611,0.1323,5.5496,5,4,1,25
62.8817,383.6566,0.1574,9,213.111,2090.6015,11.6705,14.2522,0.1235,13.8269,2,4,2,14
20.1804,401.8731,0.187,13,18.8127,2101.1064,36.9446,18.0267,0.227,12.5938,3,6,2,21
68.9879,241.4972,0.1069,5,353.351,853.6466,12.375,7.9731,0.0596,0.5,0,2,0,3
11.6989,156.8401,0.0614,2,423.9198,1848.5039,20.9312,2.5336,0.1167,4.1595,1,2,1,26
35.4165,133.4398,0.1375,9,213.2345,1988.4087,30.7744,1.3385,0.1894,5.6183,3,5,1,17
59.9438,280.0009,0.0794,3,358.9755,2172.1907,21.033,5.987,0.0964,3.2876,0,0,0,44
51.4861,166.0906,0.0551,5,441.3077,1239.319,10.6348,6.7695,0.005,10.3583,1,0,0,5
30.169,465.7735,0.2435,15,60.7145,3141.297,28.5873,12.5975,0.3463,18.0522,4,11,2,11
57.598,295.7199,0.162,10,270.3827,2259.2334,29.5507,16.894,0.1702,9.641,5,7,2,29
5.0485,350.3607,0.1603,8,209.7189,2822.4071,24.793,10.5041,0.2182,15.1157,4,12,2,26
55.2796,242.3248,0.1483,11,271.6403,2526.4445,9.1005,10.4731,0.1611,3.8214,2,6,2,6
41.0794,246.4677,0.1147,6,300.1886,2154.6161,20.9099,3.4556,0.1541,6.4149,1,4,0,18
45.4404,314.965,0.1637,8,177.6691,2510.4451,37.6366,12.2634,0.0982,12.9611,3,9,2,29
74.9364,208.6009,0.0088,1,619.5932,1392.215,15.5463,0.9802,0.0319,4.7765,0,1,0,57
24.8882,333.0578,0.1264,14,134.1867,1656.4811,31.593,20.3871,0.0949,9.1829,5,3,2,55
44.7365,372.5857,0.1528,6,225.9488,2064.1154,19.1482,11.0983,0.1313,7.7638,5,8,1,56
36.5403,363.2195,0.009,4,234.7817,1750.5968,19.1456,0.0,0.0763,5.9618,2,0,1,59
44.0772,270.8586,0.0709,6,367.9893,2242.1057,31.8176,1.5801,0.0972,5.8023,2,8,1,28
29.013,167.1542,0.1595,4,399.8701,908.5061,39.008,12.5598,0.153,4.8709,4,2,1,50
49.4967,299.9909,0.2201,8,147.3491,2434.5516,24.319,8.2698,0.0723,9.9951,4,10,2,48
85.1104,82.3135,0.0,0,545.0442,564.6257,0.0,2.0991,0.0,0.5,0,0,0,33
46.2805,286.5588,0.1517,2,255.3322,1274.3357,23.994,8.1033,0.0679,9.3485,3,7,1,56
14.4338,364.1172,0.1947,15,63.1697,2283.0248,37.7296,17.8773,0.2377,17.7327,9,9,2,55
52.5672,299.1278,0.0293,6,278.1554,1620.0506,14.8367,6.0608,0.1021,0.5,2,0,0,31
48.6804,149.3886,0.0194,2,351.1732,1807.9874,28.7279,5.0145,0.0,2.0264,1,6,0,28
53.8838,169.9584,0.1066,6,217.0757,1511.6585,15.1398,16.8854,0.116,5.3626,5,4,1,36
47.6453,278.1903,0.1174,5,349.6353,3806.0601,14.706,16.1518,0.2103,7.574,0,4,1,51
42.0372,182.1848,0.145,4,434.0151,987.9605,3.7851,1.4365,0.0,5.7479,2,2,0,49
27.321,351.1211,0.1753,13,235.2401,1978.1858,44.4795,14.4297,0.1866,14.5883,4,7,2,22
29.7361,214.6539,0.1736,5,252.665,1565.6401,34.8736,11.0724,0.1494,12.5486,3,10,2,22
36.3086,319.5031,0.2102,7,384.8979,2568.0717,14.3485,9.9927,0.0959,11.9618,3,5,2,41
29.1305,408.5526,0.2653,14,93.7612,2917.044,31.2367,15.2416,0.2888,16.8421,6,6,2,29
38.1551,260.4486,0.0492,8,367.9365,2930.2773,26.4905,2.8623,0.1946,9.9057,6,10,1,8
62.9349,242.4971,0.1803,8,220.8712,1826.185,23.3192,7.8942,0.1625,11.7663,2,6,2,27
67.1,130.5771,0.0835,0,307.2828,1141.0237,8.2348,0.0,0.0,0.5,0,2,0,48
51.2719,411.9691,0.1341,14,157.6663,3704.3103,38.0109,9.7229,0.2211,15.0466,5,13,2,24
50.214,172.4671,0.0561,4,283.6091,1828.7876,12.3364,0.0,0.1265,3.456,3,0,0,31
50.8671,345.5069,0.0567,6,328.2013,1919.1337,24.0349,8.4187,0.0193,9.6833,5,5,2,40
23.3009,347.5067,0.1056,14,211.1881,1327.3778,35.1479,14.9831,0.0347,13.1311,9,6,2,55
57.3599,89.912,0.0082,0,579.3649,1347.4548,16.1518,4.5677,0.033,0.957,0,2,0,50
53.3289,179.8203,0.0189,0,639.0132,2016.4311,8.9774,2.8518,0.0173,1.8297,0,0,0,51
40.149,303.9325,0.1297,9,109.5797,1702.4257,30.6018,18.7767,0.1796,8.8785,4,10,2,35
60.86,488.8064,0.1455,7,158.1663,1590.0976,20.7249,15.5154,0.0992,12.64,2,6,2,30
62.077,164.2209,0.0,8,479.5715,1647.0186,17.5647,5.5895,0.0,0.6689,0,0,0,33
57.0556,356.7928,0.186,8,308.8829,1671.8592,19.3311,2.8655,0.1689,7.8279,2,1,1,42
27.9149,228.5104,0.1233,11,277.0422,1301.98,34.3184,9.9147,0.1128,6.5364,4,4,1,17
51.8977,315.4046,0.1614,8,151.3451,1934.6703,26.0897,18.234,0.1208,7.1804,1,9,2,29
36.0571,268.9582,0.1328,6,231.5629,922.3096,21.8552,8.7303,0.1353,4.4715,2,0,1,34
37.1923,163.2766,0.1259,4,197.5557,821.2009,17.6982,1.6274,0.056,2.6333,0,0,0,19
43.3261,220.3331,0.1409,10,394.318,2316.9665,34.7979,6.5233,0.1159,16.7475,5,4,2,22
68.7881,114.325,0.0,0,479.5282,778.0402,4.3028,0.0,0.0,2.0416,1,4,0,13
45.5911,347.6256,0.1874,8,270.6226,2424.3612,37.5005,18.3013,0.0851,15.6801,7,8,2,58
28.1126,364.666,0.149,13,226.0215,2723.6302,23.0032,4.9173,0.2134,12.8892,3,2,1,11
39.5577,186.7819,0.108,5,423.1524,1476.856,15.9318,2.5138,0.0082,7.4575,2,0,0,7
22.404,263.3986,0.1008,8,258.6503,1903.4828,34.7839,5.0097,0.1135,10.3672,1,6,2,1
47.4584,240.9328,0.0848,7,488.5627,2084.7452,21.5639,11.449,0.0087,5.1554,0,2,1,46
34.083,245.7596,0.1523,6,285.2704,1999.967,28.5237,8.8024,0.1196,8.9515,2,8,2,22
49.7627,310.568,0.1202,10,301.1517,1539.093,28.812,6.1226,0.1583,6.4688,4,10,2,47
36.6485,211.1182,0.1854,5,197.2151,2307.8643,30.3149,15.301,0.3287,7.3539,3,10,2,12
45.7924,205.0428,0.1849,0,380.9105,2951.7723,19.679,13.5782,0.0772,7.586,1,4,1,51
50.9786,219.3757,0.0407,5,371.5259,1913.5724,13.9704,2.2723,0.0592,3.2124,3,2,0,49
61.0464,309.1871,0.1422,5,141.4308,2884.5967,22.1525,9.4848,0.1892,10.8178,3,10,2,13
70.2318,188.1308,0.0872,4,73.863,1715.1141,17.3434,9.8765,0.0551,3.2011,1,9,1,3
57.7239,355.6925,0.1403,2,353.1685,1508.1533,18.655,7.4654,0.0838,3.7394,0,0,1,30
62.7118,200.9343,0.1116,7,238.5049,2436.264,19.673,10.655,0.1589,1.4176,2,3,1,29
26.4206,239.3053,0.0861,9,400.5538,2266.0573,21.2541,5.4002,0.1503,6.5545,3,7,1,7
32.2537,343.4573,0.2191,8,52.4922,3051.6036,37.4736,13.8004,0.1928,8.0772,4,8,2,29
58.7416,127.571,0.1739,5,61.4521,1423.629,30.4814,13.3474,0.1179,4.9812,3,9,2,53
47.2889,301.3794,0.1192,6,459.5964,2036.2491,17.6843,9.5357,0.0796,5.8012,2,10,1,40
72.6558,204.0048,0.1258,6,340.9959,2767.9588,21.6281,0.0,0.1704,7.7864,2,5,1,24
29.0493,264.0872,0.0655,6,260.3518,1063.7861,21.8809,10.2921,0.1506,9.1024,4,3,2,2
39.5534,237.0608,0.1066,12,335.67,2031.9631,17.2826,5.3373,0.1488,9.4116,3,6,2,49
5.0,383.1016,0.2627,12,10.0,2322.4014,35.896,8.9746,0.2834,17.6977,4,8,2,19
44.8914,386.9887,0.0452,5,412.8231,1991.3512,18.5628,7.9375,0.0935,12.5895,6,6,2,25
50.1092,376.973,0.2139,8,281.8528,1539.6653,21.9198,1.3926,0.1196,3.3009,3,7,1,6
26.9236,245.1548,0.1066,7,403.7547,1921.0141,10.5635,12.1521,0.1223,8.7624,2,4,1,26
73.4892,132.8652,0.0755,4,439.3635,1571.3435,14.9229,2.5658,0.0,6.1696,0,0,0,43
34.8973,215.9845,0.1652,4,331.0643,2359.1948,33.2694,13.4714,0.0163,1.458,1,4,1,50
26.5097,231.0004,0.0682,8,281.0863,2898.9565,22.6462,2.0495,0.119,11.6795,0,5,0,39
25.5675,449.7939,0.2309,12,158.4389,2001.9147,15.3846,12.3085,0.1458,8.2777,4,11,2,10
89.6495,201.0336,0.1568,6,459.1317,960.8708,19.1221,8.3637,0.0,4.2801,0,1,0,14
41.6682,282.31,0.211,7,232.6837,2474.6439,21.9501,10.5569,0.1106,10.6611,5,13,2,56
75.0258,217.6363,0.1302,3,426.4408,502.0155,18.9446,10.1542,0.0,6.499,0,2,0,14
72.1216,144.3942,0.0649,6,325.6495,1101.7215,4.3806,15.2247,0.0,1.6738,4,0,0,36
82.1956,145.6194,0.0822,6,543.0256,1034.8644,16.9384,6.7115,0.0,5.6448,0,5,0,43
61.7212,312.4689,0.085,9,263.0038,1759.4154,29.3496,10.6179,0.0799,8.3915,4,6,2,45
44.7829,225.3298,0.0439,5,281.5293,1276.0588,18.2587,15.8623,0.0548,0.5,4,3,1,55
69.4351,208.0435,0.1127,6,311.5876,1741.6416,21.1977,8.3294,0.1354,3.4661,2,2,1,47
68.5227,249.4472,0.083,4,386.525,916.6374,18.1866,0.0,0.0,0.9078,0,0,0,42
32.3481,160.551,0.1376,4,204.1262,1624.849,22.4594,9.4018,0.1131,8.3801,2,3,1,52
26.8447,343.5815,0.0777,6,210.0559,1160.8266,20.0779,9.77,0.1359,6.7852,0,3,2,2
51.6018,238.1733,0.113,8,329.335,1637.4686,18.4404,6.1716,0.0667,5.3807,0,4,1,1
28.2829,333.3726,0.1608,9,247.3146,2965.6005,25.5558,9.5254,0.2524,14.1211,2,8,2,8
36.297,364.5795,0.0712,5,341.1178,801.6464,22.919,1.8797,0.0338,3.1534,0,4,0,20
50.5036,228.0973,0.1111,1,472.1576,2939.7751,12.8315,7.0517,0.0385,6.7133,0,0,0,51
67.1935,254.5282,0.0775,4,455.7272,1394.1747,15.2165,5.9718,0.017,11.8241,0,4,1,57
44.6636,239.7619,0.0201,4,404.3657,1357.5996,28.0463,7.3293,0.0614,6.6584,2,2,1,2
67.1051,216.8359,0.1263,9,293.9725,1621.1025,16.2359,11.7032,0.0557,17.7209,0,7,1,14
41.3841,323.3367,0.1574,9,10.0,1745.9061,30.706,13.017,0.1931,8.5143,0,10,2,3
69.0131,397.5799,0.1174,4,353.4973,1227.2109,19.7985,7.4094,0.0588,11.8506,0,5,0,4
72.0914,225.3677,0.0,6,343.3164,1082.77,12.5957,4.0402,0.0435,6.4128,1,3,1,47
78.1093,214.4739,0.0746,5,88.5596,1099.7652,22.1978,15.1765,0.0483,9.4379,5,3,1,36
62.8799,269.7161,0.0252,0,235.6445,774.2149,17.6182,6.656,0.0603,1.4745,0,0,0,23
59.6933,252.7957,0.1388,3,261.596,2617.4248,30.4364,13.1932,0.095,13.2856,3,6,1,58
41.2829,381.019,0.1228,5,132.1324,2435.8999,23.0133,4.9952,0.1745,9.6299,2,2,2,23
40.7719,256.7026,0.1201,2,265.1992,1265.7384,14.0955,0.1942,0.069,5.2683,0,0,0,19
37.5963,257.5712,0.0869,9,300.8105,2143.5596,40.6048,16.2559,0.073,14.2308,5,6,2,50
56.075,235.4926,0.2179,6,158.522,1628.4268,27.6651,5.4346,0.1448,12.4427,3,5,1,27
42.7749,80.0,0.045,2,412.3201,1245.0983,22.5582,2.2448,0.0377,2.8082,1,1,0,52
11.7825,313.722,0.19,10,213.6017,2261.996,16.1137,11.1471,0.1156,13.2157,6,4,2,10
60.6694,215.7823,0.0277,7,224.3837,1418.2383,16.138,15.7663,0.0361,9.3708,5,3,1,36
26.3862,292.9356,0.1371,2,159.7063,1057.2841,23.7574,8.9137,0.196,11.487,3,4,2,19
53.2806,201.3776,0.0,0,381.243,2175.8667,4.5825,2.5969,0.0,3.5068,0,0,0,37
39.1559,330.316,0.0474,3,469.1166,812.5074,11.4986,0.9304,0.0268,1.6423,0,0,0,20
46.4085,219.2178,0.0886,4,196.8077,2129.8389,22.2928,13.0913,0.1264,10.2194,3,4,1,56
48.5436,308.2545,0.0727,3,416.1664,2308.5759,15.1744,8.6308,0.0193,3.6987,0,0,2,41
56.7349,361.1027,0.1344,4,338.9072,1811.7508,26.8159,7.4006,0.0107,5.7935,1,0,0,1
61.3042,272.2202,0.0405,4,323.0643,1852.8775,19.4123,2.9542,0.0525,8.2161,2,7,1,45
57.8474,395.6438,0.0815,6,285.5254,1252.4434,14.3694,14.022,0.0578,8.9797,1,0,0,30
39.7634,297.4035,0.0363,7,283.6733,2100.888,6.9261,8.4846,0.1443,6.0403,0,7,1,10
33.9841,332.4283,0.0943,7,307.2066,2024.0362,26.181,13.9206,0.1369,5.6677,3,5,2,56
63.6348,106.4829,0.0948,2,506.7266,2059.7075,18.2402,0.0,0.1274,1.2842,0,0,0,24
43.1529,241.862,0.2354,9,177.6559,1712.043,23.595,8.0777,0.1572,11.3632,3,9,1,16
32.819,279.3106,0.1248,8,300.2554,2465.8555,33.6953,8.5763,0.2144,13.1241,4,8,2,13
9.841,424.2501,0.1737,10,320.3347,1432.8207,27.1979,10.1365,0.1219,8.3595,1,9,1,20
84.7187,80.0,0.0185,0,562.3845,100.0,2.316,0.0,0.0,0.5,0,0,0,42
16.8992,279.7914,0.1653,9,196.9638,2011.5409,23.9705,13.4364,0.1786,9.6392,2,2,2,34
48.1973,201.413,0.0248,3,429.3641,1484.9154,1.6869,4.8978,0.0566,1.8142,2,0,0,8
36.866,273.5146,0.1105,5,350.196,1640.1618,32.1814,7.8551,0.1864,4.3064,0,7,1,17
50.6156,151.8027,0.0,3,295.5438,2560.9295,19.855,11.0836,0.1094,8.2983,2,5,1,37
57.1034,156.7201,0.0484,0,586.2481,1204.1454,10.8805,4.6435,0.0,2.0156,0,0,0,41
33.4219,377.6093,0.1277,3,290.9702,2082.0129,28.27,1.9933,0.1482,7.6314,6,3,2,59
29.0225,170.9946,0.0221,1,268.0787,1032.544,11.5601,5.0069,0.0,0.5,0,0,0,34
49.6727,222.4828,0.0334,1,406.3789,929.5311,10.2471,5.6243,0.007,0.8988,0,0,0,31
45.1144,295.7858,0.167,10,247.4975,2530.6055,35.2663,10.744,0.1958,12.7031,0,7,2,11
66.7066,173.2711,0.0,6,390.7907,1508.373,5.9458,6.3008,0.0422,2.9803,2,0,0,33
46.9553,278.6105,0.1378,7,231.1321,670.88,11.8761,9.139,0.095,6.7005,1,5,1,0
31.9544,390.6978,0.1567,9,156.3581,2983.0814,17.6258,8.8035,0.2517,14.9492,3,2,2,15
76.1387,266.3695,0.0234,2,274.3278,1406.6401,9.6015,1.3731,0.0496,2.2738,0,1,0,0
70.8812,233.6923,0.1192,8,157.0471,1796.4115,29.1612,8.7907,0.1702,3.6188,3,5,2,53
79.9809,256.3568,0.0,0,489.0152,920.3398,13.518,7.1644,0.0,3.7766,0,2,2,14
77.7992,223.0384,0.0538,6,463.0599,1891.7146,11.2699,8.1413,0.0,5.4943,2,0,0,14
14.4418,367.0163,0.1893,7,282.886,1537.8565,8.0453,11.7401,0.0884,9.0635,2,9,2,20
34.1282,404.0078,0.2475,8,164.2862,2295.3549,33.9976,16.1267,0.1413,15.5584,5,6,2,58
35.0027,359.452,0.1492,6,396.7727,2597.5241,12.7379,15.4462,0.1733,9.4902,1,5,2,41
12.049,326.6135,0.0826,11,227.2232,2666.798,14.7009,2.8207,0.1562,8.0635,0,4,2,39
34.457,182.5225,0.072,6,340.969,1925.1066,15.7362,8.9621,0.0,6.641,3,3,1,2
77.6863,170.9609,0.1124,1,564.8075,1966.2946,11.1794,3.3859,0.0036,3.4975,0,0,0,24
55.3533,350.7145,0.1259,4,286.9249,1613.256,15.1942,10.0881,0.096,10.2821,4,5,2,40
45.7839,237.459,0.0369,9,10.0,935.5599,25.9653,9.3996,0.0637,5.6386,5,5,1,0
88.169,342.8994,0.0,2,359.4875,1265.8994,6.1909,10.743,0.021,12.5527,0,4,0,4
78.4543,80.0,0.0,0,613.8027,566.6014,0.0,0.0,0.0,0.5,0,0,0,26
20.3333,303.938,0.0659,3,323.7866,1936.2689,20.9514,8.7409,0.1292,10.3254,5,3,1,49
71.7899,298.7731,0.0692,6,303.6001,1616.3237,23.4257,11.5896,0.1316,10.6954,4,1,2,45
60.6043,192.6872,0.1276,9,437.4336,1471.6432,27.7259,7.4352,0.0,5.9701,0,1,0,43
56.9037,176.8753,0.0723,0,370.8269,1546.9845,12.0673,6.8591,0.0876,3.8603,0,0,0,44
37.1599,175.4435,0.0103,5,362.6122,1760.4474,15.2826,0.0,0.1221,3.0773,0,3,0,39
34.8212,292.6669,0.2225,4,103.0649,2072.4321,24.9553,9.1354,0.1341,13.4321,2,1,1,21
40.1999,236.6386,0.1953,7,129.5809,2021.6175,44.3625,7.1429,0.1059,18.5192,5,9,2,48
78.0783,88.2111,0.0869,0,203.748,1307.5924,12.7811,4.117,0.0234,0.7377,2,1,0,0
38.3189,272.9297,0.1197,4,220.2101,2121.2976,24.5376,5.302,0.14,10.4422,4,4,1,13
62.6431,203.8091,0.0,5,354.7473,1289.0742,5.8357,2.644,0.0278,0.5,0,3,0,33
41.6464,421.8856,0.1307,9,276.3433,2198.763,16.7379,9.6605,0.1376,14.5917,6,8,2,25
51.1123,297.7271,0.1505,6,277.1943,1931.7586,23.2292,10.5807,0.1686,14.9576,4,9,2,45
18.5617,232.5837,0.1349,10,181.5923,2802.5067,22.4598,8.2165,0.1774,12.5437,1,4,2,39
57.6706,296.2712,0.1039,7,369.4476,1441.4314,25.5553,1.3809,0.078,9.7778,3,4,1,45
13.4208,371.9463,0.2214,9,96.0096,1504.0536,28.751,13.0415,0.1955,14.4219,3,11,2,34
86.1274,80.0,0.0,3,560.6218,913.9852,9.1439,6.602,0.0,0.5,0,0,0,54
78.652,169.4147,0.0,0,266.5067,1255.6903,10.9116,0.0,0.0,0.5,1,0,0,31
40.2449,155.4699,0.0386,3,342.2489,1844.104,13.0844,7.8194,0.0047,6.7748,1,0,0,44
42.0378,248.757,0.088,5,478.7976,1521.3617,24.5547,2.2149,0.09,11.4522,2,3,1,49
23.2575,226.5324,0.1078,6,285.454,1826.5755,20.5677,2.0997,0.0779,4.8258,0,1,1,19
59.8856,362.6092,0.0948,11,142.1668,2734.2917,25.8447,7.881,0.1193,13.8712,1,3,2,11
37.8381,209.5044,0.0499,5,228.8096,1225.7715,19.787,2.8475,0.1231,0.5513,1,5,1,34
49.4973,260.1907,0.1099,8,342.8217,1932.2912,34.3813,7.1044,0.0411,14.5893,3,5,2,44
35.0287,436.4881,0.1448,5,191.7776,1534.3827,26.1589,11.0746,0.1202,9.6685,0,6,2,38
44.5721,218.4273,0.1194,0,502.2225,1659.3909,19.0265,2.3058,0.1063,9.6067,2,5,0,49
36.9785,182.9589,0.1691,3,257.8972,2008.8134,9.027,10.4576,0.1914,12.3816,4,13,2,12
74.7002,383.5603,0.0408,5,402.2537,1036.0232,16.8021,7.4318,0.0517,12.689,3,8,1,4
46.6887,179.9642,0.0322,4,361.4474,1159.9329,4.2354,2.3772,0.0,0.7474,0,0,0,34
26.4883,230.3868,0.0981,3,336.1945,2835.6666,6.9019,8.1519,0.191,11.0968,1,7,1,37
28.4474,377.2361,0.1721,11,355.9564,2514.1924,26.661,12.8122,0.1572,17.5349,4,7,2,41
63.1166,269.1768,0.1821,10,255.9449,1720.0423,24.2725,0.0,0.1187,0.5,2,2,1,42
65.3112,174.304,0.099,1,324.5768,1621.7313,24.2785,0.6132,0.0107,6.0912,1,3,0,27
36.5523,277.0873,0.1509,9,216.8313,1733.5917,15.4058,10.069,0.1724,15.0058,3,8,1,16
54.3859,92.6998,0.0,4,378.2218,949.1225,31.3456,4.4962,0.0906,3.0959,0,2,0,50
60.8469,185.2235,0.0272,0,463.0676,530.3179,18.3802,5.8496,0.0145,4.5775,2,1,0,2
51.6124,323.2632,0.1761,12,316.8138,2627.8123,18.476,6.2151,0.0757,9.6963,3,7,2,6
17.5938,137.7827,0.0414,4,276.0035,2159.6109,14.2137,0.0,0.0243,5.6717,0,5,2,39
37.8278,101.2272,0.144,3,375.2712,1783.8698,18.3277,6.637,0.0364,8.6201,3,7,1,22
51.4117,416.5036,0.0,8,298.8153,2565.0282,5.6487,4.2413,0.1989,6.4508,0,2,1,15
22.4023,374.5054,0.0877,5,251.2152,1710.8378,16.9627,8.0108,0.0095,8.5106,0,1,2,32
48.2066,263.8341,0.1474,10,282.2935,1928.345,29.5407,12.4264,0.161,16.6866,5,6,2,58
56.4565,351.6522,0.0677,3,389.6518,1940.7001,13.9569,8.6196,0.0171,3.7498,0,3,0,40
28.6087,248.8669,0.0883,10,280.5143,2446.2592,25.4278,3.5794,0.1658,9.0983,1,8,2,39
54.7206,265.1835,0.1389,7,149.2642,2277.4012,22.9515,11.2857,0.1805,3.1068,3,3,0,31
24.3507,352.1171,0.2152,4,126.9283,2605.0799,38.3149,12.2768,0.1461,18.0284,4,7,2,21
102.5269,80.0,0.0,0,525.1662,918.8982,0.0,0.0,0.0,0.5,0,0,0,54
37.3322,243.0248,0.0645,7,265.0561,1870.2141,25.6125,7.1272,0.2009,8.2445,3,3,2,34
68.7546,201.2606,0.0761,7,475.0406,1350.9806,13.3833,3.0182,0.0,1.2909,0,0,0,43
57.7637,241.3746,0.1488,6,189.6597,2365.0736,28.8981,7.2918,0.1295,11.1707,5,7,2,48
46.0882,184.1781,0.0587,7,242.3325,1269.2128,31.2551,4.2269,0.0838,6.3955,3,8,1,35
13.2366,360.8836,0.0678,9,106.3887,2049.5992,30.6054,13.1508,0.111,8.4591,2,1,2,34
29.7764,272.3914,0.1446,3,302.0714,1480.4956,14.1349,12.2612,0.0442,3.6459,2,4,1,2
42.9718,147.3601,0.0866,9,233.3442,1688.0508,26.0696,18.2044,0.2389,6.5853,5,11,1,47
42.9636,304.407,0.1062,5,180.4029,2330.1679,25.561,10.8635,0.124,6.6346,3,3,1,31
43.8404,268.0204,0.1633,5,145.3562,2444.5535,19.0597,8.9292,0.1155,12.5658,4,5,2,44
44.9934,272.8836,0.1552,7,141.92,2124.4065,19.5972,9.3111,0.1673,1.5615,2,1,1,31
59.1158,297.0997,0.0196,0,487.2802,1211.8033,6.2847,1.5424,0.0026,4.8928,1,2,0,25
27.8071,337.4653,0.1123,4,199.8362,1602.3486,26.1925,12.0005,0.0536,9.803,0,2,1,32
61.3646,99.5919,0.0605,0,412.0793,1375.1055,12.0645,2.5315,0.0,0.5,2,0,0,48
58.9491,284.6916,0.0,0,411.9598,1642.4466,11.8978,0.0,0.0,1.6472,2,2,0,25
56.0181,80.0,0.065,1,372.8007,1363.8574,8.5175,0.0,0.0371,2.5032,0,4,0,12
15.7796,330.4475,0.2041,17,265.6811,2273.7482,28.0616,16.1469,0.2011,18.0339,5,7,2,49
36.9399,281.337,0.1175,8,128.4825,1026.5693,25.4238,11.1468,0.1276,3.9974,3,8,2,0
52.6302,248.6956,0.042,2,261.4675,713.54,18.5137,3.302,0.0642,1.7226,1,8,2,35
35.8561,456.2943,0.2818,18,125.4166,3182.831,24.8439,15.5407,0.322,12.9578,6,14,2,6
39.3601,111.0007,0.1038,11,310.7868,1236.649,22.5157,6.2788,0.1693,8.8186,3,3,2,17
7.2096,188.9529,0.1508,14,267.1836,2062.425,22.8412,11.2128,0.1553,15.231,4,7,2,7
47.269,288.8319,0.2218,8,266.9525,3072.8883,29.3699,5.6174,0.2083,15.5709,4,12,2,24
53.6366,216.3575,0.0463,4,281.1866,2418.6679,9.5883,3.8055,0.0701,5.4635,0,4,0,18
80.9186,313.9933,0.0786,3,479.4318,2314.6215,13.3887,8.6854,0.1171,7.9558,0,7,0,4
10.8277,296.0928,0.0971,3,249.9111,2288.0783,25.5501,12.7325,0.2226,17.9542,3,3,2,26
60.8484,228.3933,0.1912,5,27.8439,1666.8078,23.3297,6.6874,0.0909,7.2489,2,9,1,27
23.24,280.6472,0.0777,10,244.8786,1540.836,25.2521,5.3868,0.1483,10.6524,3,4,2,7
52.8286,356.1978,0.1656,2,265.5262,1558.7871,28.8011,10.5865,0.0406,5.5486,2,3,1,56
53.6674,191.8277,0.1509,5,154.3279,1577.2983,13.5785,7.5954,0.163,8.9392,4,5,1,12
32.0211,247.8544,0.0905,6,313.9026,1710.4699,29.2996,6.1,0.1474,8.9966,5,8,1,49
26.1714,319.7723,0.1188,9,278.9231,1775.3577,28.3386,16.8238,0.0993,8.7743,3,9,2,2
31.3643,402.9434,0.0887,7,320.8429,2027.6236,21.8908,9.5141,0.1453,10.7118,3,7,2,25
68.8778,201.3047,0.1376,2,230.4265,1153.8199,14.7499,4.3243,0.0183,3.5622,0,1,1,27
50.503,186.603,0.0696,3,200.8385,1542.3701,15.5178,4.8556,0.0481,0.5,3,1,0,31
71.5449,251.8762,0.093,6,392.41,1418.2861,13.158,6.653,0.0666,8.2325,0,5,1,14
29.5582,305.8012,0.1956,6,134.5497,1768.6312,20.771,7.4244,0.1268,12.4892,1,3,1,21
54.8168,389.8186,0.1861,15,222.5618,2440.353,12.9895,9.1777,0.1544,8.417,2,6,2,6
46.8284,314.3241,0.1202,4,173.8204,2768.2781,21.7197,8.1631,0.1208,9.3626,4,11,2,8
19.7814,124.4121,0.124,7,265.9627,2244.2387,27.0448,6.992,0.247,9.0245,4,8,2,26
69.2108,117.5723,0.1033,7,148.705,883.4823,22.4033,5.1418,0.0802,3.5532,0,4,0,3
54.0457,255.0014,0.0,2,403.1579,1783.837,21.6592,0.0,0.012,4.221,0,1,0,59
57.7833,183.1288,0.1188,5,360.2475,1043.4333,20.1192,2.1297,0.0006,3.3664,4,1,0,48
48.4434,183.4885,0.0529,5,422.4407,884.8309,26.5763,2.1399,0.0778,0.5,2,4,0,17
34.4737,136.3714,0.1205,13,262.3334,1756.7279,27.9894,6.419,0.1463,6.452,2,6,2,17
65.1318,209.0251,0.043,1,152.6027,1576.0296,11.4317,0.0,0.0484,8.6496,1,2,0,23
9.8538,246.6052,0.131,11,282.3515,3066.6669,30.0881,2.4011,0.1855,15.026,2,10,2,39
23.3155,420.7172,0.1945,9,163.0536,2309.9386,37.4424,16.3373,0.1686,13.5683,5,8,2,1
40.6165,287.8583,0.0755,9,232.6023,1881.3305,20.103,15.2923,0.1548,4.0656,2,3,2,33
50.0307,253.8176,0.0426,0,577.2216,2842.4317,17.3297,14.5484,0.1198,6.9031,0,3,0,51
58.097,117.9584,0.1273,4,320.7569,1125.1483,12.6483,3.5738,0.0345,3.7231,0,3,0,48
58.4027,80.0,0.052,0,533.3189,1275.5507,22.7436,0.0,0.0,0.5,0,4,0,28
86.2726,224.789,0.0,2,311.9838,789.5528,16.2662,3.383,0.0,0.6152,3,2,2,53
52.9276,227.2883,0.0862,3,349.1362,1775.8756,15.5864,7.651,0.0543,0.5,2,3,0,31
42.4881,145.2414,0.0,5,447.6066,1326.3931,21.7905,1.8313,0.0199,3.7292,1,2,0,22
68.6259,296.6594,0.0876,4,362.5771,1134.3272,11.2478,14.1655,0.0637,6.7882,3,2,1,30
27.8265,312.2868,0.1148,8,238.0774,1875.3749,25.2641,6.6604,0.0489,8.5848,2,9,2,34
37.1813,463.7128,0.0913,4,267.7877,2223.3973,19.432,12.1858,0.1396,13.0233,4,4,1,15
73.0142,183.2451,0.0848,2,281.2377,984.4297,13.7952,0.0,0.0,3.8355,0,2,0,27
29.2411,423.0628,0.1153,5,161.5996,1498.2069,24.4328,12.8389,0.1531,9.2294,0,3,2,38
30.216,192.9182,0.1066,9,287.0311,1791.3668,15.6614,3.024,0.1203,6.5453,0,7,1,7
57.0503,207.2799,0.0624,8,391.0012,1024.5507,24.5778,6.4999,0.1579,4.4071,2,4,1,47
49.8336,187.8762,0.1396,4,231.2699,1918.8564,17.1749,10.693,0.1309,9.5509,1,7,1,12
54.9383,191.4241,0.0552,1,272.2893,1046.1078,7.5245,3.1228,0.0543,2.5553,2,0,0,0
81.1402,225.9304,0.1825,3,192.5287,1370.2326,28.7336,9.2895,0.122,5.3496,3,9,2,53
31.569,250.9999,0.0921,8,272.0033,2078.7503,2.3109,7.4194,0.0129,4.2307,0,6,1,10
31.7921,322.7012,0.1348,2,260.0262,2324.8067,20.6418,0.0,0.1659,10.3107,4,5,2,59
61.3708,230.5453,0.0819,0,566.2789,798.5035,15.7726,0.0641,0.0539,2.9629,1,1,0,2
26.3747,396.0249,0.1552,4,131.2848,625.2433,25.3761,5.6002,0.1498,8.1295,1,3,1,38
33.4864,242.4278,0.1676,1,374.4388,2939.4947,11.5391,9.0442,0.1972,8.4176,2,1,1,51
55.4978,365.5865,0.2265,12,49.3834,2454.7701,33.8997,10.8932,0.1889,13.9248,4,8,2,42
38.8944,306.4634,0.0,0,384.4875,1414.6071,14.6118,0.0,0.0267,10.9192,2,0,1,59
56.7341,94.6584,0.0261,2,527.2447,1371.0321,13.5477,0.0,0.0,2.4267,4,6,0,28
35.4877,291.0027,0.0838,9,244.2329,1687.7106,22.2076,13.3384,0.02,5.6652,4,3,1,55
47.6104,347.9268,0.1981,6,250.4212,2225.799,19.2521,11.957,0.0682,11.1763,5,8,2,56
51.8938,280.7427,0.1193,7,280.7642,1411.8251,7.8768,0.0,0.0815,0.5,0,1,0,42
27.9202,320.3578,0.1127,5,264.5951,1617.7855,24.6214,4.5436,0.0411,13.5536,3,6,1,5
59.5787,119.5678,0.0394,0,409.9354,1845.3151,8.688,8.6394,0.0,4.9249,0,3,0,37
45.1047,234.436,0.1322,6,377.2253,1579.7356,17.3351,7.3771,0.0698,3.8931,0,3,0,21
88.1386,104.0568,0.0,2,327.9814,1218.4398,15.4374,6.0881,0.0827,0.5,0,3,0,47
52.2606,192.203,0.1034,8,288.1304,1156.0156,20.4967,2.9535,0.037,4.8002,0,1,0,16
36.0003,141.6277,0.1697,4,392.5536,1856.5685,21.9736,15.3922,0.0562,10.4371,3,6,2,22
81.7079,197.2878,0.0234,3,361.3593,1343.0785,9.2626,6.2839,0.0,7.388,1,2,0,14
48.7181,296.4715,0.156,7,404.8382,2453.0914,27.0882,6.9267,0.1547,12.0535,2,0,1,44
29.8103,224.4823,0.0677,6,353.7287,1321.0736,17.567,2.7297,0.1297,9.1054,0,3,1,7
59.1996,235.6328,0.0321,3,440.8798,1317.423,10.6866,0.0,0.0,6.4349,0,0,0,46
35.8829,168.7588,0.1879,8,201.5403,981.5075,30.8898,1.4174,0.2085,7.6659,3,6,1,17
76.7663,147.8701,0.0,3,447.8803,1169.4783,0.4504,6.7146,0.0,3.0891,1,0,0,54
46.825,178.3418,0.085,4,405.5475,1719.9566,24.8025,0.0,0.0,9.9099,2,10,0,28
37.9923,349.8917,0.2106,11,159.9843,3305.6606,34.9588,13.5156,0.243,16.6711,3,8,2,44
20.3898,331.4621,0.0826,3,46.6455,821.9011,15.5969,7.469,0.0955,10.0158,0,6,2,38
26.9921,235.9821,0.1325,10,232.0471,2399.8543,41.9512,10.3934,0.1784,10.7832,2,9,2,52
34.6424,278.8926,0.1565,5,456.29,1281.3421,21.2102,8.0497,0.0,5.4867,2,4,1,49
40.1575,190.1602,0.1345,0,516.9108,2439.2087,24.0447,9.039,0.0227,4.4249,0,3,0,51
36.1564,308.1803,0.1418,3,212.1177,1421.6653,19.5122,4.934,0.1023,6.5035,0,1,1,19
17.0734,483.7584,0.1528,10,273.0307,1405.8137,20.4402,9.1354,0.12,9.8086,0,4,2,20
21.4545,231.8787,0.1022,13,232.4875,1679.9018,28.7654,19.3678,0.0772,8.4389,5,3,2,55
56.3741,205.3297,0.0946,2,377.3781,1119.5056,30.5837,2.2998,0.0,5.038,0,0,1,48
84.8093,124.9267,0.1688,1,484.1809,2383.5618,11.4926,0.0,0.0791,6.853,1,3,0,24
61.9557,371.121,0.1897,7,258.7073,1432.8137,23.1152,18.5656,0.0971,10.1781,2,0,2,30
53.3353,235.7769,0.015,1,464.3914,1658.3355,6.3541,0.0,0.1203,3.5271,0,0,0,7
19.1983,426.2657,0.18,11,126.2546,2118.126,23.5863,15.1392,0.1776,18.2825,3,7,2,32
79.7773,297.8915,0.0,0,447.3958,1330.215,4.0303,5.3976,0.0494,4.5294,0,5,0,4
34.1076,338.9947,0.1423,7,187.3111,2028.4523,29.0049,17.4436,0.1415,11.6405,7,5,2,55
26.1689,198.357,0.1357,5,272.5231,1131.3108,24.2284,3.9543,0.1211,7.7152,3,4,1,17
29.6917,332.604,0.0704,6,240.1379,2774.2872,13.569,3.4557,0.1797,10.7925,2,0,1,15
70.5683,363.9347,0.0614,7,346.119,2200.9872,25.8968,12.0664,0.0491,12.3673,5,6,1,40
66.4444,80.0,0.0078,0,448.6424,827.7207,10.2194,0.1258,0.0,2.3595,0,0,0,52
36.4784,317.7663,0.1098,3,252.9672,2190.1722,17.833,13.8022,0.081,8.7511,3,6,2,2
63.9877,266.0354,0.0733,2,179.1819,1123.9534,15.601,0.8235,0.1111,10.8721,0,0,0,23
55.5986,228.3811,0.1088,2,300.834,3163.0442,20.2036,1.5511,0.1446,8.2854,2,5,1,24
64.2675,309.4567,0.1045,7,290.5544,2285.8952,9.5531,7.5964,0.0999,8.578,1,4,1,6
21.0736,212.5076,0.1277,8,376.7326,1989.6284,15.2216,3.1219,0.0969,11.0513,2,3,1,7
33.6551,372.0109,0.0981,4,282.4374,1807.6831,24.2134,9.893,0.1644,9.3745,3,3,2,25
40.7216,269.7475,0.0912,9,332.6403,3168.0668,5.7186,10.7208,0.0214,10.7793,1,1,1,41
35.944,103.3711,0.1146,8,278.7563,1013.2405,27.048,6.365,0.1369,5.2102,4,10,1,17
49.5328,229.2156,0.0635,3,266.3881,1612.1464,29.9682,8.5422,0.1095,6.5006,4,3,1,44
51.2117,243.9796,0.0742,10,367.2977,1354.5887,14.1341,9.2308,0.1573,7.2081,3,4,1,33
55.8662,264.145,0.0749,8,185.6587,1764.4245,20.2395,13.7128,0.1246,8.9751,3,1,1,36
19.64,317.0134,0.1313,11,287.1647,2413.4486,15.4971,12.666,0.1643,14.7941,5,7,2,10
71.605,127.7959,0.0528,0,236.6003,405.9521,4.8118,6.5641,0.0,0.5,0,0,0,3
57.1613,343.5786,0.0549,9,342.4583,1992.671,23.0483,4.9073,0.065,9.4105,2,4,1,40
26.5523,134.9181,0.0,1,512.742,1725.0165,11.7273,7.4691,0.0902,3.1147,0,2,0,26
49.1135,237.2195,0.1636,4,269.2643,1253.8165,11.631,6.6675,0.0041,6.5797,0,0,0,21
65.5407,263.8335,0.0809,6,395.6925,1874.0827,18.0372,10.4388,0.0928,9.8853,2,6,1,45
72.8744,98.6874,0.0718,0,260.2723,1854.5482,26.873,6.6716,0.0363,7.0687,3,1,0,53
27.3562,434.3524,0.0625,6,276.8992,2638.7049,10.3914,15.5659,0.0935,10.6509,5,8,2,25
40.1824,257.4699,0.0997,6,272.7679,1168.9586,11.6478,2.0838,0.0331,3.2585,4,1,1,34
24.6687,246.7038,0.1111,8,345.1377,2214.786,17.59,4.4902,0.1141,14.6476,0,7,1,39
57.3135,247.5747,0.0,3,423.6314,1752.0872,12.2307,7.9087,0.0983,1.4563,1,1,1,46
35.942,231.5258,0.0774,8,331.3125,1714.4348,38.2809,1.2558,0.0731,7.6032,3,3,1,17
50.9131,98.044,0.0512,0,446.6137,769.977,1.4834,1.615,0.0,8.6709,0,0,0,5
25.3006,449.6991,0.1447,8,266.6908,1237.7566,25.2577,8.0203,0.2743,13.9715,4,6,2,38
52.508,342.5142,0.095,4,369.5545,1728.6069,19.4688,9.4374,0.1072,12.0999,2,2,1,44
33.8255,240.8712,0.1684,8,261.5129,1458.3928,19.3565,7.3917,0.112,15.631,0,11,0,16
49.7615,137.5782,0.1036,4,336.9237,2507.705,14.09,0.0,0.1952,10.9631,4,3,1,24
37.2762,381.4665,0.214,14,189.6818,1586.4692,45.1433,18.1692,0.2667,17.7794,8,11,2,45
45.5417,311.7495,0.0956,6,319.7207,2109.274,25.4037,11.8254,0.1529,12.0825,3,5,0,44
34.7971,396.0304,0.272,15,116.2016,2678.9514,19.2516,11.9553,0.2436,12.8156,5,10,2,6
56.1218,203.7906,0.0202,0,264.1813,1616.9533,7.8635,5.6968,0.0231,2.5748,0,0,0,32
44.4568,271.1036,0.0881,9,265.5482,2220.933,21.3241,6.1049,0.1717,4.7545,7,3,1,6
66.0483,183.6304,0.131,4,199.782,1084.4953,28.4411,9.3145,0.0473,9.6275,4,0,0,36
26.7819,353.1684,0.1427,2,294.7376,2254.1048,20.3469,9.0937,0.1449,9.7369,6,8,2,25
52.0422,240.6927,0.1382,9,62.7819,1964.7132,27.1532,8.5062,0.0288,6.1733,3,4,2,27
32.5331,176.9943,0.0963,4,283.0899,1866.8676,27.3403,0.0357,0.1031,9.7134,0,1,1,39
30.4536,237.7033,0.1518,8,143.9538,1636.2173,38.6116,8.9924,0.1409,7.9519,3,6,2,17
66.4673,372.6262,0.0881,4,402.8935,1065.0007,6.19,4.9162,0.0121,0.9837,0,0,0,30
54.6712,308.8316,0.1419,1,331.9606,1426.3653,19.8736,15.1419,0.0633,9.5924,4,3,1,30
41.5826,121.2163,0.0065,9,331.4131,1845.8692,10.7626,11.2768,0.1365,7.3554,1,5,1,33
47.9208,266.2563,0.0875,5,333.3545,2650.9997,14.2697,13.7773,0.163,6.417,0,4,2,46
49.7298,231.7341,0.078,7,184.753,1664.1851,20.0028,0.0,0.0687,7.002,4,6,1,48
37.9313,80.0,0.1083,3,244.0654,534.1244,30.2499,4.361,0.0431,3.7211,0,1,0,19
42.7939,250.5536,0.0954,5,357.4813,1670.9591,3.0962,7.6448,0.0812,4.8575,2,1,1,10
30.6501,340.4063,0.2392,8,296.294,2846.9843,23.9094,11.9883,0.1828,15.1106,3,5,2,51
34.0636,300.452,0.1467,6,246.0295,1649.8477,20.3915,9.7824,0.1292,11.5626,5,7,2,1
46.8687,431.3926,0.1546,10,223.3484,2015.6649,39.3083,13.5512,0.1137,9.6694,5,6,2,57
36.365,435.7219,0.1803,12,265.034,2559.1783,30.1196,13.2555,0.1353,10.4412,5,8,2,1
34.5791,232.0962,0.0294,16,368.5326,1912.4917,25.4678,15.1298,0.1485,11.7432,1,6,2,33
62.5699,80.0,0.0231,0,465.8791,784.3975,23.2674,0.0,0.0233,3.8085,0,2,0,22
71.6903,115.4026,0.0,0,459.7107,100.0,3.4651,0.0,0.0,0.5,0,0,0,35
36.6211,228.0098,0.1316,5,190.6624,2046.9084,25.8317,8.5869,0.1504,10.9388,5,7,2,52
42.816,371.6768,0.1932,11,98.968,2370.7941,28.5391,12.8989,0.1342,15.213,5,13,2,45
58.029,98.6345,0.1022,0,719.5171,1864.1106,10.3745,2.9271,0.0,1.3314,0,0,0,51
62.0478,301.5998,0.1089,5,32.5412,1404.7063,21.4573,4.1599,0.1379,10.4539,0,3,2,23
26.6664,351.0228,0.1417,11,284.8964,2578.5266,27.1025,10.5491,0.2058,12.8304,5,10,2,25
32.698,382.7843,0.0549,4,246.0681,1604.1453,27.387,13.0918,0.1775,7.3694,6,4,2,35
79.4967,269.7721,0.0379,1,395.246,1029.9792,20.5363,4.7884,0.0082,9.6134,1,2,0,14
73.3327,80.0,0.0328,3,484.8917,1855.335,10.6979,0.0,0.0377,4.0116,0,5,0,24
47.2083,325.3321,0.1518,7,136.3922,2027.4366,23.5131,14.9568,0.1497,11.2208,6,4,2,56
31.2825,359.0151,0.1865,20,91.4947,2477.4496,32.4004,17.6753,0.1942,13.6458,6,13,2,33
55.5099,395.5452,0.0146,3,395.6032,2040.4653,12.2645,2.9849,0.1031,3.6324,2,3,0,25
33.7106,256.4085,0.1231,8,202.9049,1604.9185,35.9812,5.7459,0.0592,4.9125,2,4,1,17
48.8448,384.6638,0.1503,9,256.0089,1855.9326,23.4796,19.0278,0.1523,7.7485,1,5,2,30
31.0981,338.9878,0.2163,3,237.8448,2678.0697,28.4891,17.681,0.1883,12.5061,6,8,2,56
91.2129,80.0,0.0,0,473.2819,797.6536,8.5645,4.6769,0.0204,3.7468,0,0,0,54
45.4772,135.014,0.0675,0,438.7559,1354.784,29.2598,3.3239,0.0342,7.0469,1,1,0,22
14.7609,208.7997,0.115,7,367.2727,1738.0571,16.0905,5.7371,0.1082,5.464,2,5,1,7
32.6449,295.1875,0.1078,3,157.5618,1121.4289,19.931,0.0,0.0655,7.0119,1,4,1,19
70.461,193.0567,0.0949,7,199.6607,1324.3203,15.3089,1.2611,0.0909,10.1438,2,1,1,45
54.1152,337.8051,0.0864,4,66.7195,1765.7788,22.916,4.7737,0.1017,5.4934,3,8,2,53
42.0223,244.4565,0.0,0,427.4238,465.4191,21.5446,2.7374,0.0934,4.1289,2,0,0,35
33.6952,245.6355,0.0001,4,336.6462,1885.6426,25.5975,17.3977,0.1449,10.9899,4,6,1,50
77.3954,210.8663,0.0393,1,497.144,557.8381,5.6808,0.0,0.0,0.5,0,0,0,42
83.5951,147.4342,0.0862,5,203.1536,1455.855,19.1861,8.3202,0.0547,2.4862,1,5,0,53
55.6393,410.1902,0.2057,6,233.2519,1423.042,24.6176,14.9493,0.202,15.2566,3,7,2,30
44.4159,229.7841,0.1661,5,288.7843,2072.9474,17.1783,10.6011,0.0531,7.4887,3,5,2,58
57.3467,150.1736,0.0,0,343.7542,1485.2047,6.6168,0.0,0.0518,0.5,0,0,0,15
42.8862,318.4052,0.1779,8,360.2959,2141.0139,24.2882,8.918,0.1336,10.0341,3,9,2,57
72.4521,240.018,0.0459,0,442.4637,1476.0611,8.8728,6.0099,0.0,0.5,1,0,0,29
27.2911,281.8815,0.1641,7,274.3643,1702.4721,16.5923,12.7085,0.1227,18.5108,1,3,1,5
31.7407,296.7935,0.1628,17,124.3671,2838.8376,37.2777,22.7544,0.2667,23.2654,7,8,2,47
87.3963,267.3265,0.0011,0,318.3501,628.4646,14.803,0.0,0.0522,3.6711,0,2,0,4
45.4288,260.8289,0.0405,3,265.1957,2900.0817,16.229,0.5034,0.1966,4.8455,4,8,1,8
29.5002,374.905,0.1835,13,108.3563,3100.0556,15.0851,12.3932,0.1199,7.5952,5,12,2,10
49.3127,392.1469,0.0741,5,389.8471,1638.1344,12.2328,1.8381,0.0606,9.0802,3,4,1,25
51.8223,146.4915,0.0671,1,332.6531,1529.2334,8.701,5.1192,0.0134,8.9354,0,0,0,5
51.747,204.8256,0.1351,2,452.7539,3265.0237,16.6821,7.1237,0.1185,12.6639,0,2,1,51
56.5219,292.9584,0.006,6,327.8642,1922.704,16.3285,0.0,0.1329,5.9615,0,2,0,11
40.8547,262.053,0.1748,10,182.8593,1872.9433,19.2873,3.3199,0.1752,10.6336,2,4,1,16
28.9111,275.3154,0.188,9,288.6574,1820.7821,12.9815,15.2181,0.1201,15.5996,2,8,1,16
39.2402,277.4997,0.0295,10,246.1485,1731.9859,20.5642,15.2173,0.1081,7.2141,3,2,1,33
69.5826,158.6379,0.0071,6,249.0763,1001.9231,12.8135,6.102,0.0822,5.4792,0,0,0,3
14.2968,261.8716,0.1701,10,137.7978,2726.3637,35.0696,10.4921,0.1687,13.6201,3,13,2,39
21.0251,307.542,0.1915,3,421.9387,2881.3817,14.5586,16.6764,0.1858,16.7443,2,8,2,51
75.1039,297.1522,0.0552,7,413.0178,1039.2004,3.5111,1.3557,0.0848,0.5,2,0,0,42
54.6167,199.4464,0.1367,8,203.2407,1639.6812,14.0783,0.7695,0.135,9.0075,1,1,0,0
60.9147,116.3969,0.0743,2,287.2568,1761.7116,6.6002,4.7438,0.0493,0.5,1,4,0,31
49.2612,173.9513,0.0329,0,326.8934,592.3876,24.0034,2.9335,0.0,4.7808,3,6,0,9
38.6819,257.9767,0.1352,2,235.7586,2378.3243,17.8744,2.3186,0.1034,7.944,1,2,1,59
40.3459,383.7865,0.139,6,281.6034,2504.8289,27.5471,14.2823,0.081,11.7325,3,7,2,46
30.1691,350.0197,0.1882,12,167.2081,2609.4649,40.8392,13.4745,0.1597,12.8883,2,7,2,16
40.5367,258.5679,0.0769,4,307.3078,2274.7329,25.9954,4.4347,0.0879,10.0087,1,4,1,59
62.9895,239.7969,0.0831,4,492.9907,1657.7449,18.8263,7.0868,0.0172,5.4469,0,4,0,43
23.3086,227.6256,0.1569,6,194.2458,2430.2332,33.2518,9.1216,0.1809,12.7407,1,0,1,21
81.5907,174.3501,0.0442,5,237.9985,755.076,19.2193,10.4825,0.0329,10.1357,3,8,1,36
56.5245,221.5406,0.0,0,478.4749,962.3989,9.6525,0.0,0.0,0.5,0,0,0,32
41.3137,394.1362,0.1173,5,185.0447,2155.84,30.3697,5.97,0.0943,9.2406,2,4,2,1
59.9179,180.6774,0.0255,2,398.4405,1734.6743,16.2595,2.1644,0.037,4.0024,0,3,0,13
55.1815,343.2912,0.1055,11,212.2606,2760.7973,24.1328,8.2102,0.2277,10.1566,5,8,2,6
33.1453,325.042,0.0637,8,350.817,1871.8832,19.75,11.5898,0.0074,7.6029,3,3,2,2
39.0295,383.4589,0.1806,9,338.7025,2793.238,27.4289,15.6424,0.1128,13.0682,4,4,2,46
24.5332,352.4608,0.1989,15,160.2755,2032.438,31.4675,16.2629,0.2027,14.6248,4,10,2,16
38.8233,331.928,0.0318,2,210.8046,1890.5953,10.368,6.7998,0.1656,9.3785,0,3,0,15
14.9185,364.021,0.207,12,46.6415,2580.7291,39.91,20.672,0.1257,9.0333,7,9,2,55
63.1966,239.9887,0.1604,7,306.5406,2759.8488,23.8171,6.9838,0.1374,5.5447,2,1,1,42
31.7487,302.6774,0.0804,4,238.8885,1537.4462,28.3813,4.5614,0.1224,11.5701,3,8,1,35
48.1799,90.5526,0.0098,0,277.0763,1256.7775,22.9327,0.8788,0.0884,0.5,0,4,0,52
27.8335,282.0599,0.0609,7,229.3472,1827.0262,14.1918,6.5539,0.1113,6.1429,0,0,1,34
41.1622,269.8415,0.1506,7,258.0856,2130.8487,14.9602,2.8367,0.1225,9.451,2,5,1,1
29.0253,202.5339,0.1549,7,177.96,1945.3481,26.1848,9.8318,0.223,16.3294,2,1,2,21
38.963,296.1473,0.0719,0,280.0105,2151.2507,27.7207,0.0,0.0295,5.8931,4,0,1,59
48.9876,308.9264,0.0678,7,200.7458,1500.8152,19.6617,15.4729,0.0557,4.5558,0,4,1,3
64.1291,218.5701,0.0337,7,284.7807,1041.6451,26.4884,5.8045,0.1623,6.393,1,5,1,47
42.1109,410.2891,0.1916,11,190.3545,2334.0425,30.9347,13.1111,0.2351,9.4845,5,8,2,31
36.7376,185.0946,0.058,13,289.7404,1938.662,25.5967,13.0564,0.1196,4.8169,4,6,2,33
27.672,142.3279,0.0977,5,396.5659,2402.0907,8.1986,7.8702,0.1429,11.3965,1,6,1,26
17.6095,401.4729,0.1967,9,198.4327,2079.1607,29.6582,10.4949,0.2967,20.8762,6,9,2,16
45.8872,271.2169,0.0867,1,342.5704,1012.3216,22.6028,3.3103,0.1155,7.0319,4,3,0,35
60.3129,295.6902,0.2761,8,239.818,2617.0684,19.8151,15.8019,0.0776,8.0065,2,3,2,29
61.6039,390.6721,0.135,8,195.2017,1719.9942,23.5144,13.5519,0.1143,13.4154,4,5,2,30
25.5924,252.8243,0.2011,11,240.1777,2246.4632,32.3195,8.0123,0.2497,7.8054,1,6,1,16
44.9558,139.2482,0.0095,1,402.6298,963.3054,13.9878,2.765,0.0474,4.1138,0,9,0,22
80.7636,316.4297,0.0,3,440.2086,1131.8511,8.0595,0.0,0.0064,5.9111,1,3,0,4
34.2746,322.6747,0.0796,3,112.2301,1745.4146,27.0986,9.7413,0.0687,8.7469,0,3,1,21
23.6635,314.0211,0.0794,7,236.3776,1836.9017,22.7801,4.5442,0.0,6.09,1,4,1,32
60.7901,189.2902,0.058,10,126.7699,678.9321,23.2588,9.4725,0.0731,4.9399,4,6,1,36
27.0697,329.4583,0.2176,11,128.3487,2261.2164,14.521,10.1942,0.2073,10.3233,5,8,2,10
31.1231,138.2525,0.1194,9,253.9675,1259.8452,17.5827,1.9852,0.142,3.4328,4,4,2,17
70.2099,230.7981,0.0246,5,325.9191,2056.9257,27.1577,2.0647,0.1159,8.5295,4,2,1,45
84.5204,97.8006,0.0,3,285.7921,1154.3523,9.667,4.9787,0.0569,0.5,1,3,0,36
30.5504,415.8517,0.1677,8,317.2529,1847.4879,20.2432,14.8086,0.2178,19.4576,4,2,2,5
42.2772,80.0,0.1486,0,325.8221,1739.6448,12.8201,0.0,0.0,4.2706,0,5,0,28
53.5569,113.6945,0.0696,4,339.5147,1765.311,17.33,4.2184,0.021,0.5,2,2,1,0
77.8942,210.8656,0.084,5,462.4844,1199.9753,29.1089,0.0,0.0038,6.2748,0,0,0,42
38.5974,154.9527,0.1185,8,354.6183,1572.336,26.3607,6.8197,0.0273,6.9283,2,9,1,28
45.7579,165.0963,0.0434,0,420.9067,978.9809,16.3792,10.8685,0.0567,5.4304,0,2,1,49
69.9485,294.3904,0.052,5,466.0636,1493.6746,30.5742,2.8067,0.0309,2.2585,1,2,0,57
21.8603,308.6083,0.1547,9,291.732,2472.0052,12.7787,9.7694,0.1268,8.3483,3,9,2,10
59.9141,255.5944,0.0528,5,422.7828,1229.329,21.8211,3.7102,0.0,4.8423,0,6,0,43
78.1978,262.5716,0.0232,0,402.2377,957.5945,18.4077,12.286,0.0026,2.4477,0,0,0,30
43.5999,169.6771,0.1762,4,439.2204,1991.2124,25.9304,11.4354,0.0192,5.7388,2,5,1,50
53.5616,319.9892,0.0632,4,309.4459,987.2676,30.0622,9.6781,0.0249,10.6922,2,5,1,35
69.1468,89.615,0.086,0,428.6569,599.7792,12.3124,0.0,0.0,0.5,1,0,0,48
34.2646,113.1903,0.0746,0,309.9341,2174.9826,14.5588,3.9482,0.0552,9.2777,1,0,0,37
50.9024,246.2223,0.1207,6,285.3333,2604.4316,17.2641,3.8962,0.147,10.697,3,3,1,18
5.0,345.386,0.2361,6,27.3336,2190.2117,22.6658,9.4832,0.2151,12.4204,4,5,2,19
34.7772,429.0813,0.195,9,224.8564,2213.1686,30.5315,10.5857,0.1652,11.9689,6,7,2,56
56.5914,335.6715,0.1022,10,303.5391,1507.6448,25.4361,7.8396,0.043,8.201,3,7,1,40
43.7379,280.1215,0.0316,5,298.1071,1807.4257,19.3936,0.0,0.102,8.4515,5,5,1,8
55.4615,241.3172,0.1026,3,332.8818,1839.4755,12.2689,8.2829,0.0031,6.7296,3,5,0,45
77.4962,179.5084,0.1432,3,273.6352,2097.778,18.3216,3.9317,0.0479,5.7215,0,3,0,27
44.5052,288.6039,0.0812,8,345.1445,2235.5435,18.1891,2.8441,0.1515,7.9211,4,3,1,46
74.2675,212.6438,0.0998,4,411.4735,1164.1593,17.6713,2.7154,0.0,0.9857,0,0,0,42
51.348,373.2457,0.1596,8,297.0671,2330.8754,31.6633,17.4663,0.1282,15.5077,4,7,2,58
20.6393,243.0916,0.1162,10,268.2871,2364.7279,33.0588,10.6378,0.2607,15.1815,5,6,2,22
32.4159,179.3325,0.1359,8,401.2622,1258.8237,16.4086,6.0808,0.0947,6.5631,1,5,1,7
24.5909,320.9782,0.1865,6,229.237,1446.8226,27.7373,6.6263,0.1912,8.7241,1,4,2,20
21.225,343.298,0.1873,12,290.5039,2197.5603,14.9917,10.2771,0.0679,5.3788,3,5,2,10
43.5731,327.9809,0.1068,5,424.605,1474.0853,11.8943,10.6948,0.0302,6.0997,2,4,1,2
74.3225,233.9387,0.0397,6,366.7802,1423.9114,15.3431,8.699,0.0736,8.5847,1,2,0,14
33.6313,338.5848,0.1394,9,190.8508,1644.4121,12.1705,9.8781,0.0948,7.4227,4,7,1,10
35.617,408.466,0.2439,10,163.7214,1921.0677,21.3262,16.2971,0.2227,14.5201,1,4,2,30
39.9122,210.917,0.0568,0,544.7934,936.1861,11.2116,0.1422,0.0805,1.2982,3,1,0,49
33.1865,552.633,0.178,5,336.0981,1201.4796,20.5508,8.7123,0.0742,11.0993,2,8,2,32
32.5082,224.9948,0.0427,2,210.9698,2791.9186,24.649,9.0147,0.1163,8.7871,3,13,2,37
38.2197,335.4744,0.131,9,299.6885,2586.3653,34.2434,8.8914,0.1742,9.822,5,3,2,59
60.3998,353.0104,0.0523,10,337.7437,2061.8712,11.6596,7.8399,0.1429,16.3102,0,7,2,4
54.2782,141.4354,0.0764,5,382.6005,2572.8218,26.2778,0.0,0.1947,3.1673,4,4,1,24
39.3411,257.5491,0.1317,4,187.2464,1838.0767,14.5234,17.7324,0.1037,7.5969,2,6,1,55
13.7274,487.1571,0.1794,9,208.3635,2575.0475,22.0088,12.548,0.1001,14.308,3,4,2,32
43.6331,252.208,0.0063,4,376.047,1081.9876,17.8835,9.8356,0.0,2.0484,5,0,0,55
60.1269,347.8414,0.0958,7,346.788,2040.5566,21.2908,4.982,0.0126,15.0545,2,6,1,57
27.6173,323.8203,0.1198,6,339.3867,791.8049,37.7707,9.6047,0.0898,8.0808,2,6,1,50
25.6182,189.3848,0.0486,4,236.2422,2056.3446,22.7253,8.6901,0.145,2.3981,0,0,2,34
59.9434,80.0,0.0,0,338.43,1925.8214,16.6772,1.5644,0.0761,0.5,1,0,0,37
32.6088,264.4283,0.1956,6,190.3106,1794.9682,22.2381,14.5967,0.0421,7.3758,7,5,1,55
36.1433,274.7154,0.1451,8,195.9616,2018.5106,28.3689,16.9079,0.2378,11.193,6,4,2,44
25.9457,355.1613,0.1245,4,231.9299,2624.8838,30.1051,0.0528,0.1201,5.3837,4,2,2,59
47.3633,266.2925,0.0829,2,263.2197,1984.5954,9.2902,9.06,0.1748,10.0245,2,5,1,15
28.0978,282.5844,0.1589,8,237.5515,2736.9794,4.483,10.9874,0.0665,6.0295,2,6,1,10
58.1588,273.2042,0.0,3,308.457,1233.5021,9.4731,1.7697,0.053,4.9656,0,0,0,11
21.5361,302.5988,0.3039,16,64.6112,2770.5877,23.381,12.1107,0.1885,16.4524,5,9,2,16
65.8243,236.1496,0.0504,0,387.8107,1989.7861,15.1459,3.3315,0.0835,12.2762,0,0,0,15
57.6065,195.2176,0.0532,3,381.2695,1753.9976,17.8609,5.7002,0.0,4.9988,0,0,0,46
71.1066,166.1979,0.0983,2,363.4504,2602.0882,20.3487,0.0,0.0705,8.7136,2,6,1,24
67.6401,91.5802,0.0,0,424.5778,347.4741,20.0059,2.1438,0.0,0.5,0,2,0,35
24.7474,354.3203,0.283,10,136.2272,2869.0757,21.9668,12.457,0.175,18.5039,5,9,2,16
40.7531,172.1469,0.0494,1,416.1158,1739.7584,34.1421,9.0608,0.0409,0.5,2,2,0,50
82.4013,115.6903,0.104,3,268.7972,1187.8866,31.1419,8.3349,0.0147,5.6887,4,3,1,53
61.1114,248.4051,0.0503,9,256.4692,683.4653,34.3956,11.0087,0.1216,9.6602,1,3,1,47
46.4308,224.9761,0.1033,3,168.2403,1078.1234,21.8674,5.1115,0.0934,9.737,1,0,0,21
41.616,152.2148,0.0822,6,418.3011,1861.7419,31.7553,11.9319,0.1222,8.3046,5,5,2,50
59.3945,80.0,0.0615,0,322.6511,1198.9516,4.3361,2.5908,0.0558,2.1699,0,6,0,12
56.6723,290.2455,0.0703,2,356.4466,2058.2583,11.392,5.6819,0.0697,9.7218,1,6,1,4
35.9589,243.7339,0.147,4,439.7086,2281.4746,10.8862,12.2207,0.1093,8.699,2,1,1,41
61.1647,297.5354,0.1865,3,201.3191,2192.0203,23.4882,11.9747,0.1652,7.7952,4,4,1,56
86.3037,176.2412,0.0421,3,376.6796,893.4405,6.8974,11.0137,0.0328,0.5,0,1,0,3
35.3232,289.8878,0.0557,1,411.8581,538.5034,12.3803,1.6622,0.0706,7.7184,0,0,0,38
27.3944,515.3611,0.27,21,149.7224,3756.3408,35.8037,13.8305,0.2862,20.1042,4,12,2,11
51.7729,166.8971,0.1197,4,288.1545,1337.25,16.1581,8.9228,0.1764,7.5439,2,10,1,12
49.8054,213.2755,0.1389,0,425.7977,1799.27,14.7567,2.8865,0.0076,8.1762,1,1,1,48
10.3218,422.9888,0.1572,9,151.2478,1664.5675,29.9675,12.9552,0.2341,13.6895,1,9,2,20
33.7005,298.4411,0.1359,6,353.0207,1749.6409,29.9538,11.3586,0.1596,12.299,4,6,1,49
81.8373,94.6783,0.0712,0,345.3364,868.6694,17.8492,1.6029,0.0,1.6488,0,4,0,53
29.1647,312.4382,0.1359,10,240.0392,1112.4316,15.1942,13.1965,0.0528,7.142,3,1,1,55
68.3504,136.4374,0.085,0,560.7125,1676.7166,7.8839,0.0,0.0,2.9552,2,3,0,13
50.1333,124.3057,0.046,8,272.4394,1350.8594,17.6213,11.52,0.0874,8.9426,2,5,1,33
29.1303,297.6423,0.0423,12,194.4526,1914.4541,18.2033,9.8688,0.0683,7.1526,3,8,2,33
25.7976,337.2316,0.1074,9,240.8503,2137.8264,22.4781,11.5157,0.0993,11.4024,3,4,1,5
52.3587,297.5257,0.0983,2,247.1401,1476.6197,18.9356,2.3163,0.1116,11.5909,1,0,1,23
44.3068,131.4099,0.0813,5,124.3047,2217.7521,29.8573,8.5305,0.141,9.8097,2,0,2,52
42.9895,316.5861,0.0435,2,474.0935,1774.7171,18.8892,6.676,0.0619,1.1575,3,0,0,57
54.8322,292.384,0.078,4,173.5356,1642.9089,20.4549,4.5528,0.1185,11.7393,1,1,0,11
62.7648,185.5675,0.0462,3,382.6494,1838.7297,6.5611,0.9192,0.1314,4.5423,2,2,1,24
52.478,152.4253,0.0593,2,434.3657,2458.4321,20.4552,0.0,0.0807,2.0201,2,0,0,8
47.1573,346.0397,0.0458,0,353.221,2556.3287,10.3221,1.2716,0.1997,9.3327,1,0,0,15
38.0968,351.8054,0.0819,16,197.4597,2252.1183,43.504,17.2919,0.2124,14.9865,5,12,2,47
68.5363,83.0391,0.0042,3,418.0288,1127.9592,10.7467,0.0,0.0,6.3452,0,0,0,11
82.8693,185.0712,0.1051,5,246.2174,1330.3281,26.467,7.283,0.0211,6.8382,2,4,0,53
52.431,285.6552,0.0573,2,380.179,1327.3508,3.8446,3.2721,0.1258,8.2135,0,0,0,15
42.71,305.3419,0.1693,7,321.4652,1877.5527,22.4426,7.5451,0.0432,3.067,1,5,1,1
29.6425,262.1534,0.0556,2,305.198,2473.4727,22.8048,10.9633,0.0628,11.1396,0,1,1,37
52.9169,212.36,0.0,0,377.2399,1504.648,4.1234,0.9954,0.0268,4.2822,0,0,0,15
69.0851,316.7077,0.1346,5,324.4351,1984.7087,35.0904,4.513,0.0544,3.4809,0,1,1,42
33.1401,373.7795,0.1558,11,245.1675,2244.8914,25.1834,16.114,0.215,17.0125,2,7,2,5
64.355,339.4019,0.1968,11,87.6757,2043.935,39.7715,11.4487,0.209,11.312,3,12,2,53
34.4363,414.7048,0.0869,10,253.4179,1453.1601,21.3605,6.1338,0.0608,9.7003,0,1,2,1
36.8844,177.6292,0.0988,5,426.9241,959.6577,31.1734,8.2002,0.0132,7.1972,4,3,1,49
84.6097,98.8604,0.0,0,458.9016,454.0544,0.0,0.0,0.0,0.876,0,0,0,27
42.9662,362.0106,0.1275,10,242.8931,2599.8278,26.5919,9.1761,0.1552,19.1519,0,6,2,11
72.3206,306.3482,0.1312,4,245.3165,992.515,25.154,1.7339,0.0443,0.5,1,2,0,42
57.2857,281.6319,0.0576,10,306.3631,2067.6317,21.4233,3.2348,0.1054,1.2447,0,2,1,6
56.3945,353.662,0.0948,16,132.6931,2647.0778,22.3443,9.8603,0.2596,11.0814,7,10,2,6
77.2561,197.7434,0.0887,1,321.4365,849.1685,19.9656,0.0,0.0728,4.8208,0,0,0,42
61.1513,298.8146,0.0822,6,314.5537,1478.8359,17.5269,8.7934,0.0257,7.988,0,8,1,40
30.3199,395.2042,0.0768,2,221.699,2177.0718,21.3333,1.8746,0.2129,4.4756,4,5,1,59
25.951,331.0059,0.1892,8,188.0606,2579.1134,24.554,14.2855,0.0949,20.2609,2,6,2,5
60.497,153.491,0.1058,5,354.7185,688.6397,19.9359,1.301,0.0501,4.7208,0,1,0,49
43.7843,260.5681,0.0513,9,228.9686,1847.2204,28.1065,10.4172,0.2284,10.8299,2,8,2,47
53.8893,80.0,0.0689,4,318.0724,2056.2096,16.6706,8.9648,0.0298,1.2707,4,2,0,36
44.6712,243.8969,0.049,5,402.1816,2153.8528,11.1849,0.0,0.2068,8.1904,4,3,0,8
49.8251,172.809,0.0857,0,328.8017,724.9924,22.0128,0.0,0.0,4.5079,0,0,0,9
50.8326,379.314,0.1195,7,237.7635,2285.6627,20.3764,8.3557,0.1717,9.8695,5,7,2,6
49.6247,245.5413,0.1484,4,390.3808,2115.4286,25.8573,12.8395,0.0126,10.5693,3,2,2,58
42.6909,392.4223,0.0076,0,135.1423,2600.344,12.9893,7.0372,0.1529,10.933,0,2,0,15
38.9957,366.5153,0.1488,11,221.2694,2169.6337,26.2973,9.0766,0.0808,6.5896,2,7,2,1
35.1435,205.8096,0.0669,3,230.2098,794.2349,24.3514,3.5612,0.0655,7.8679,1,0,0,9
55.8646,98.6572,0.0237,1,180.2972,1699.8208,19.6416,3.1468,0.0802,4.8202,0,0,0,52
61.6563,434.6027,0.09,8,308.344,1964.0342,24.2882,9.4968,0.1691,14.2727,3,7,2,4
49.5866,406.7852,0.1449,6,113.3319,2783.3238,41.4833,16.7043,0.1353,10.7778,3,5,2,29
57.6235,228.3706,0.0,3,405.1692,2095.5683,18.0371,0.0,0.0,1.7333,3,0,0,8
72.3607,98.5087,0.0273,2,376.979,867.42,13.9827,2.5696,0.0,5.0902,1,3,0,36
19.0255,419.5302,0.0842,2,200.5377,987.6551,19.0102,7.5036,0.0747,10.062,0,6,1,20
43.2659,305.0735,0.1687,6,199.4239,2188.7356,25.2694,12.0754,0.2285,11.4786,2,1,1,18
64.9897,302.4312,0.0283,2,336.2707,1305.8604,18.6359,14.889,0.0713,3.4387,0,0,0,30
42.3357,140.6055,0.0073,1,351.2008,922.1017,18.9664,8.0364,0.0,0.5,3,1,0,9
56.8688,292.2752,0.0,2,432.5023,1201.0597,16.1142,0.9679,0.0,6.0507,0,8,0,25
47.6782,245.3877,0.1299,8,252.6938,773.1456,19.5103,5.1556,0.056,7.4304,1,1,0,16
31.1065,340.8785,0.1807,10,228.3613,3109.3152,23.8436,8.8087,0.1948,12.526,6,13,2,8
41.3956,253.7403,0.1133,7,401.8465,1874.406,13.6364,1.8267,0.1028,4.8479,6,5,0,8
37.0769,194.2508,0.154,8,148.9754,2458.7394,23.6599,11.1243,0.0884,8.0687,4,5,2,52
41.4345,210.8901,0.1221,3,348.9658,1939.2502,27.3414,6.8674,0.0664,9.7554,1,4,1,44
47.7546,149.354,0.111,5,212.4783,1070.2423,10.0636,6.7792,0.1092,6.9584,0,0,0,21
48.616,252.7983,0.1165,8,363.427,2578.9205,16.8599,2.7293,0.1354,3.2615,4,6,1,8
37.1834,253.8966,0.1581,3,178.2987,2116.7584,10.5221,16.4793,0.2425,14.3207,6,9,2,12
52.8701,264.8672,0.0834,5,179.2783,1651.9556,13.1656,0.9488,0.107,11.9623,4,2,1,23
38.7896,346.279,0.2262,10,135.9465,1626.8524,12.2325,10.8329,0.1403,12.8814,4,7,2,16
74.8139,185.551,0.0313,4,354.5697,1402.1358,14.0008,2.2298,0.0,3.3808,1,0,0,40
54.7152,154.7632,0.0041,2,450.381,1459.1307,9.997,4.4297,0.0263,3.9113,0,0,0,49
52.3675,107.4776,0.0374,4,435.5827,1488.9721,22.8945,0.0,0.0,4.1277,2,5,0,28
38.8627,191.6765,0.085,5,296.6906,1547.176,14.7629,5.4055,0.0466,4.1821,2,1,0,34
7.4908,303.4042,0.1569,11,310.0638,1895.6775,22.348,10.0167,0.1787,10.0983,5,7,2,7
75.2991,80.0,0.0,0,550.0956,100.0,7.3555,0.0,0.0,0.5,0,0,0,9
64.2919,305.4584,0.1117,9,284.1185,1441.9521,27.0244,5.785,0.0553,6.0191,3,6,2,42
57.5812,156.7424,0.0176,4,508.433,1231.7511,17.2063,11.807,0.0257,4.9618,2,0,0,46
40.0326,383.728,0.0943,12,161.0228,2581.6973,31.2263,6.116,0.1593,10.4205,0,5,2,11
29.8993,324.3199,0.0911,6,414.7354,1982.3717,20.5393,14.5177,0.0915,6.6773,5,2,2,2
34.4834,399.4629,0.1847,8,162.4441,2058.3123,28.5645,12.8154,0.0924,14.7125,5,6,2,57
45.153,212.4076,0.0869,8,339.0255,2996.8784,11.407,0.2986,0.1829,9.3866,4,9,1,8
60.1173,166.7369,0.0575,3,564.1751,1424.4343,10.874,0.0,0.0,1.5721,2,0,1,43
55.7101,395.7564,0.0628,6,293.0138,2465.2105,12.9303,9.01,0.0936,7.9935,5,6,1,25
64.3776,80.0,0.0,0,423.674,100.0,10.0383,0.0,0.0,0.5,0,0,0,9
66.8534,257.099,0.1652,6,103.5718,2193.4031,18.845,17.9821,0.1474,10.9112,6,11,2,54
27.6164,266.0846,0.0747,6,316.2077,2479.1617,33.6455,9.2469,0.2029,13.1854,3,6,2,2
45.9529,135.7912,0.076,3,331.1283,1891.1849,32.7538,6.5208,0.1006,10.877,2,0,1,50
32.5242,486.482,0.1994,11,324.1205,2403.2804,42.1033,13.0931,0.22,18.0604,6,6,2,57
41.8563,155.6011,0.0664,0,299.7963,1787.7237,22.2641,10.1352,0.1961,7.5777,3,12,0,12
48.5876,125.4993,0.1433,0,382.4752,976.5306,4.7063,5.2988,0.0788,0.5,0,1,0,12
36.9689,185.193,0.1315,3,203.7535,1274.2893,29.4411,5.4421,0.0215,4.9488,3,6,1,9
9.1852,466.9536,0.1956,13,62.3029,1979.5265,34.2719,16.3047,0.2635,18.0381,5,11,2,38
38.9688,207.1874,0.0381,3,250.189,1118.1213,12.6656,14.1826,0.0862,5.9105,1,2,0,55
38.2303,219.8046,0.0825,4,325.8723,1878.6273,27.4174,8.062,0.1133,11.488,1,0,1,44
61.681,157.0332,0.0278,0,358.3906,1359.1345,17.3648,2.6494,0.0298,12.3398,1,3,0,35
46.2559,176.8348,0.0701,3,362.2413,1432.5694,21.1805,5.8234,0.0319,4.5465,2,2,0,49
29.0483,246.7645,0.1313,1,431.0087,2190.4995,21.2301,7.6238,0.0828,2.7585,2,4,1,41
51.9201,175.4003,0.0259,0,456.8229,996.9619,6.8138,0.0,0.0,6.6317,0,0,0,5
17.1198,358.1469,0.1089,10,236.0387,1776.1997,23.5022,12.3955,0.08,10.3998,6,4,2,2
36.3484,90.5153,0.0073,2,307.2013,1413.91,21.2357,0.0,0.0464,7.6187,1,0,0,52
53.2824,88.4165,0.0005,0,515.333,242.7,10.9909,1.8515,0.0,0.5,0,0,0,9
34.1253,483.9552,0.1211,8,74.3463,2395.3011,27.7175,9.5055,0.1369,8.8018,2,5,2,32
71.7298,163.7574,0.1979,10,165.8685,1244.0417,24.7095,8.9002,0.1685,6.9581,2,10,2,53
64.754,240.2842,0.0753,2,164.961,2325.9071,23.5798,8.2054,0.0432,2.8225,2,2,1,29
21.1125,281.2938,0.1316,10,42.3356,2683.484,36.3459,10.3863,0.1827,10.6466,5,5,2,52
39.4824,426.3027,0.0612,8,275.502,2177.5713,15.3429,7.7196,0.0863,10.1368,5,6,2,25
40.0865,368.0711,0.0512,0,190.3318,1872.9262,21.1376,5.6485,0.057,11.2061,1,4,1,32
56.3177,328.1892,0.1294,2,236.2798,1908.4081,12.2845,4.6107,0.0756,9.2858,4,4,0,56
75.723,239.55,0.12,7,393.6265,1081.3001,20.2809,4.6559,0.0,9.3689,1,1,1,14
42.3262,230.8889,0.0825,4,400.9197,1748.8319,31.4258,8.3835,0.0459,5.7685,1,0,1,50
38.4422,393.9029,0.135,13,319.9776,3353.9528,29.1856,14.5691,0.136,12.6242,2,8,2,43
34.2631,417.1404,0.1468,11,235.2035,1944.2477,26.0661,13.8567,0.2427,16.6212,4,11,2,18
20.4112,323.847,0.1858,14,196.7237,2637.4241,31.3104,12.1456,0.1598,17.7118,5,11,2,49
66.0291,358.2631,0.0791,5,349.2785,2013.4357,21.099,9.4411,0.029,8.6252,4,7,1,40
19.4664,278.7423,0.2319,10,113.9484,2211.4501,36.7178,12.2098,0.2305,15.4798,6,11,2,0
42.6919,143.6698,0.0098,1,315.1563,899.2092,14.6586,0.065,0.0879,0.9531,1,1,0,34
52.4852,271.9147,0.1297,7,222.4957,2527.0738,24.8812,0.5465,0.117,5.5828,0,6,1,24
51.2559,240.0322,0.1884,7,288.9741,2257.146,21.6631,9.4475,0.1902,10.126,3,6,2,12
72.9221,151.9439,0.0,1,323.689,1205.5393,6.5168,6.2059,0.012,0.5,0,4,0,31
51.3282,107.6452,0.0883,7,273.3195,2228.3156,28.6656,6.463,0.1283,3.7306,1,6,1,52
48.0934,103.8722,0.0813,5,380.1443,1985.1215,14.8784,1.5416,0.092,6.2539,1,5,0,26
75.5811,248.65,0.1131,6,215.8092,1980.3371,23.6132,14.1109,0.0879,9.3344,1,6,1,54
78.4049,120.6534,0.1093,5,276.3451,1403.2015,16.6212,11.006,0.0368,8.8034,2,4,1,54
42.3974,218.2836,0.1594,11,117.298,1443.464,32.2454,14.06,0.154,11.0917,5,10,2,0
82.2294,121.7424,0.0895,3,313.2658,1244.0855,16.7341,9.1271,0.0907,5.8596,0,2,0,36
51.5426,278.5661,0.2348,9,103.4379,1980.5412,27.3023,16.8386,0.0938,10.5643,6,10,2,27
50.7592,166.4508,0.1272,4,205.8043,2758.5973,19.5824,11.1135,0.153,14.5144,4,7,2,37
64.1756,212.8572,0.1068,5,323.7131,1909.8947,18.7861,5.6461,0.0324,6.7731,1,3,0,27
27.6515,515.2857,0.253,15,59.9702,3392.1314,26.7539,16.3209,0.3136,15.6865,6,11,2,6
27.6658,289.1733,0.2054,9,372.4096,3294.4038,11.8176,16.2917,0.0845,10.0819,3,6,2,41
27.0694,474.701,0.1755,10,230.2024,2346.7381,23.686,9.3847,0.015,15.6383,3,4,2,32
34.0242,379.9919,0.0395,13,138.4273,1686.996,27.4502,16.8709,0.1258,12.5078,7,7,2,40
36.1983,284.6425,0.1258,10,265.7031,2828.8909,21.2981,14.1481,0.1481,11.3257,4,7,2,49
73.7394,206.0216,0.0481,2,111.0363,698.7465,13.1414,9.9078,0.0275,0.5,0,3,0,3
50.7745,142.0054,0.0196,1,309.3613,1166.9955,7.4114,3.4276,0.0,4.4176,0,0,0,21
42.5234,207.1415,0.0347,7,350.537,2586.9341,23.6392,0.9174,0.1312,13.121,5,5,1,8
36.3005,228.5584,0.177,8,243.6311,1886.8862,22.1669,8.8114,0.1002,10.8447,0,5,1,16
38.5328,200.3986,0.0033,4,373.0971,1041.7202,19.388,0.0,0.0,0.5,2,3,0,49
40.1276,188.7109,0.0623,3,347.1572,1312.5893,3.1482,5.0385,0.0134,1.7538,0,0,0,34
48.9125,335.5867,0.0915,6,276.0548,2408.2553,18.248,9.5961,0.2062,8.1905,6,7,2,6
32.619,258.875,0.0843,3,190.724,1648.2272,26.4576,19.8886,0.0667,1.9772,6,5,1,55
65.9078,115.6544,0.0057,1,333.1988,1065.7162,14.1445,5.5457,0.0211,5.2243,5,0,0,44
41.7916,390.3379,0.2715,14,114.0432,2418.9653,32.9081,9.4575,0.1544,11.4655,4,6,2,42
56.4847,205.2998,0.0931,9,77.1009,1313.3475,36.4239,9.0084,0.0531,8.147,4,12,2,53
22.9656,470.6471,0.1472,5,242.4396,1940.2957,33.1054,11.7794,0.1839,12.3423,4,2,2,38
31.4283,343.0936,0.0993,7,266.381,2235.7087,24.9333,5.101,0.1508,7.4223,3,4,2,59
44.3078,161.2615,0.1471,6,286.0454,2946.2971,24.4582,2.7227,0.1818,14.0064,2,10,2,24
37.4021,334.3196,0.1021,4,254.1782,1535.9871,19.4026,6.1948,0.1391,8.6411,4,5,1,1
51.6482,306.3706,0.093,4,352.4533,1370.648,12.2696,9.2238,0.0595,7.7421,1,8,1,44
73.8575,176.9551,0.0,4,372.779,2047.4496,7.3033,0.0,0.0195,3.1509,0,0,0,24
56.8012,160.2417,0.1144,4,246.7139,724.2904,17.9145,12.4878,0.0818,1.586,0,5,0,3
5.3451,366.1002,0.2286,9,274.0921,1080.8909,20.5993,8.069,0.1292,14.9055,1,7,2,20
62.121,224.3625,0.0356,5,341.2766,443.431,9.8461,1.9968,0.0148,4.2658,1,0,0,0
62.4634,366.9185,0.1073,7,399.671,1592.149,24.0096,16.4527,0.0439,3.8422,0,0,1,30
68.7337,86.5203,0.0181,2,334.6326,850.006,9.8461,1.3258,0.101,2.73,0,0,0,47
69.0433,174.7012,0.0405,0,395.5821,907.6346,9.962,0.0,0.0,0.983,0,0,0,42
57.3379,309.1581,0.0703,4,348.1075,1869.3514,16.9583,9.7384,0.0604,7.2172,3,5,1,40
37.1509,316.4853,0.0884,10,350.1422,1715.9007,28.5404,13.27,0.075,3.1226,3,7,2,2
29.0881,407.7415,0.118,3,182.1703,3081.8353,18.0776,10.4493,0.246,11.13,0,1,2,15
37.1318,240.4206,0.0707,3,421.8538,1670.6635,16.0551,7.705,0.0555,7.8941,3,2,0,49
70.2727,157.1142,0.1307,3,510.6831,1906.1141,1.8018,0.0,0.0429,4.1862,0,2,0,13
33.0436,205.8921,0.1447,6,418.8431,1578.1415,20.9363,4.2396,0.1091,10.4116,3,4,1,49
46.5308,312.46,0.055,5,182.1121,1975.4174,23.1848,1.917,0.1395,5.5374,2,1,0,31
49.6513,220.8538,0.0805,2,264.7729,857.7805,19.1062,3.9487,0.1345,0.5,2,0,0,19
55.1722,238.7146,0.141,9,241.2913,1789.1337,28.8891,14.3891,0.1172,8.0035,0,4,2,3
70.3971,158.9838,0.0,6,275.3808,1560.977,21.6422,7.2612,0.0099,0.7475,4,4,0,36
30.2788,178.9589,0.0,2,381.2635,2371.4023,19.1269,8.144,0.0784,7.2386,0,7,1,37
42.8902,157.5421,0.0935,6,318.1747,967.135,18.4641,5.4087,0.0061,1.0381,0,3,0,46
75.0081,159.8201,0.052,2,337.2661,1101.6744,14.67,0.0,0.0006,0.5,2,6,0,53
50.4576,275.1957,0.1411,8,293.9431,2563.2888,25.1227,1.9146,0.193,5.2528,4,8,1,8
50.1973,410.0506,0.0743,11,267.4446,1638.8159,32.2535,9.3022,0.0838,11.3817,5,4,2,40
52.2165,225.4546,0.1678,6,481.4693,1642.016,24.7058,6.1206,0.0,6.7425,0,3,0,43
41.5955,212.868,0.1706,6,285.4601,2467.0773,22.095,10.1868,0.1826,8.8117,4,2,2,44
42.8821,284.1747,0.0819,8,217.7929,1992.9993,0.0,8.6265,0.0853,3.5235,2,3,1,10
45.4872,304.7427,0.0611,1,289.764,1730.8088,20.4745,12.2251,0.0831,9.1273,1,4,1,44
35.7345,337.1407,0.1679,14,172.8299,2439.9618,25.8516,12.044,0.2082,15.8055,4,5,2,11
65.586,187.9701,0.1662,3,168.5477,1848.8057,16.729,11.0719,0.1241,10.3505,2,10,1,12
49.6161,424.2641,0.2105,18,130.7679,2981.8979,22.0876,13.04,0.1951,14.006,4,11,2,6
86.9986,97.9976,0.062,0,238.1035,1346.9934,14.0566,0.0,0.0,6.2835,0,2,0,27
27.1058,351.3911,0.155,8,231.3236,2390.4413,27.5611,9.0444,0.0174,7.786,1,5,2,32
41.7774,392.3912,0.0983,11,104.7774,2200.8958,24.3202,7.7559,0.1342,11.6857,2,9,2,1
70.2187,110.7003,0.122,0,268.1323,2185.1247,8.512,1.6677,0.1399,7.8318,1,4,0,12
34.6118,290.0726,0.0785,3,233.9162,1202.5791,21.2036,5.326,0.0885,5.7495,1,3,1,34
60.2251,287.208,0.1095,7,222.1605,1927.5359,17.6921,15.8122,0.1384,9.3854,0,0,1,54
24.5091,246.78,0.076,4,332.5808,1967.0258,32.945,11.0153,0.1077,10.2818,6,4,1,50
41.2375,367.9604,0.1632,13,270.7328,2922.2409,29.9919,20.6376,0.134,16.2399,4,8,2,58
55.4734,282.3449,0.0287,4,385.0615,2540.2347,15.2098,3.5542,0.07,9.0875,4,3,1,8
21.4216,150.5258,0.0023,3,384.6131,1156.403,6.5897,2.0975,0.1109,3.5643,0,4,0,26
44.9912,371.6873,0.0611,9,232.9831,2245.9558,16.8694,12.1403,0.1902,5.1044,3,3,2,6
49.6606,395.9472,0.0625,7,245.5393,2128.5682,16.4233,6.6236,0.1385,7.0845,0,2,0,11
79.6659,268.5121,0.171,6,242.5118,1928.742,18.4079,5.8333,0.1137,7.88,2,5,1,6
84.0509,80.0,0.0,0,378.2433,902.4854,10.5448,1.1213,0.0,0.5,1,0,0,36
48.4322,444.5651,0.0985,6,262.5221,2636.9932,31.8027,12.1555,0.0038,6.0704,5,7,2,25
39.4956,143.3338,0.1444,7,431.0466,2243.1422,18.2332,4.2853,0.0461,7.1307,0,1,0,41
43.2807,359.2065,0.1719,13,50.2614,2336.711,18.4403,13.5862,0.2409,8.4533,4,1,2,23
37.2328,273.6552,0.1577,8,402.353,982.3246,32.2277,13.2958,0.0887,11.1281,0,6,1,43
54.131,332.0918,0.1333,11,308.1206,2184.5409,31.917,7.1442,0.0868,14.2668,3,5,2,57
51.4897,221.9953,0.0827,4,336.5083,2666.3706,25.0967,5.8589,0.133,10.0004,0,0,2,44
28.8848,212.6113,0.2522,8,110.6912,2420.3558,23.8865,15.6054,0.2269,13.665,7,13,2,12
40.9788,338.1058,0.2052,10,290.5917,2214.1382,35.9728,12.9077,0.1338,11.1811,5,9,2,56
56.2048,218.6092,0.0991,4,345.6066,1965.7442,16.6941,2.844,0.0941,9.9879,1,2,1,44
22.4451,408.8118,0.1238,7,261.9126,2449.7166,29.0689,10.8656,0.1686,17.1561,5,13,2,5
86.7821,249.2981,0.1577,0,242.6661,932.9788,27.028,5.0628,0.0041,6.6781,0,2,0,27
83.5127,178.282,0.1436,7,253.213,2075.5428,30.3756,8.1728,0.0838,11.0384,3,8,2,53
57.2348,190.6004,0.036,2,361.9358,1114.0241,19.5508,4.8691,0.0474,5.2052,3,0,0,35
73.0076,198.6508,0.134,7,216.4168,1592.328,26.0959,10.7958,0.1288,6.4679,3,9,2,53
31.0011,304.3903,0.1137,5,278.6365,1856.5703,13.5287,8.6633,0.0522,9.8999,0,1,1,32
63.8735,326.6005,0.0651,4,300.0418,591.5594,14.8248,17.7194,0.0743,4.5565,1,1,0,30
41.5164,214.0549,0.1462,8,326.5499,1704.4096,30.1173,5.6377,0.1107,7.8512,3,6,1,13
63.4612,398.553,0.1739,11,175.5658,1827.9475,27.0623,11.2119,0.1103,8.2492,6,11,2,40
53.484,252.54,0.1388,4,207.7273,2403.7907,22.1745,18.5642,0.2324,10.3122,3,13,2,12
56.7085,377.0641,0.0936,7,88.4104,1453.0941,20.0961,0.0,0.0534,6.3571,0,0,0,23
79.1448,127.1851,0.1477,3,339.0343,1149.3927,17.1412,3.0938,0.0513,4.8899,0,5,0,54
15.1233,139.9118,0.1409,8,243.444,2660.3303,20.2683,0.1244,0.1475,8.9338,1,4,1,39
32.6304,310.8152,0.0745,12,216.3715,2013.7382,30.5152,10.1414,0.1616,9.8883,0,5,2,11
70.7708,98.1915,0.0198,0,224.3538,965.8945,7.6488,0.7368,0.0,2.2501,0,1,0,0
50.5787,228.4893,0.1126,7,371.7533,2081.123,13.6953,1.7011,0.0955,10.6034,3,5,1,13
40.7238,134.0859,0.0079,3,459.0304,1350.7686,33.6664,3.1704,0.0564,4.8725,0,4,0,50
29.251,406.6009,0.1312,9,202.6418,2273.0377,16.032,4.1122,0.0875,11.8239,2,6,2,32
34.2559,153.5265,0.0369,5,229.9134,2161.255,28.328,3.7166,0.0856,9.5755,1,3,1,52
71.254,252.5866,0.0329,0,525.3286,1559.5227,23.5427,8.8267,0.0295,8.0674,0,3,0,14
77.5331,182.3429,0.0482,0,511.8062,1140.0835,15.9108,0.0,0.0,0.5,0,0,0,48
26.5838,279.9563,0.1811,8,91.2315,1854.4526,33.7671,18.7641,0.0887,7.6851,6,5,2,55
39.0922,337.803,0.1494,8,431.8089,2565.5842,22.5375,11.583,0.0807,10.6902,4,7,2,41
59.787,342.4018,0.0686,9,227.3238,1689.0223,28.9051,12.686,0.0857,9.1603,0,8,2,14
61.7807,215.9607,0.0062,8,188.5191,1430.7539,18.0054,13.8719,0.1009,7.4586,5,3,1,36
60.0279,208.6609,0.0,2,385.1922,1803.8735,15.1619,7.9844,0.0898,5.2504,1,2,0,44
25.3484,188.1204,0.0796,3,434.3726,2297.8897,23.5033,1.6618,0.1298,9.5259,0,0,1,26
42.1161,159.2825,0.0289,4,430.4008,1010.1402,19.0438,7.0162,0.0633,2.7557,0,6,0,50
29.0677,431.5444,0.1526,5,402.8556,1935.744,27.6789,6.4171,0.0966,11.6237,0,8,1,32
38.4668,181.7759,0.1467,5,389.7908,1691.9718,22.7246,6.9008,0.0752,12.1658,1,8,1,22
35.8214,142.0447,0.058,4,301.0571,1155.9808,20.7416,0.0,0.0,3.1007,1,3,0,17
41.437,302.2615,0.1003,8,315.6739,2021.9285,29.8863,7.1865,0.0719,6.3873,1,0,1,59
68.0012,251.4793,0.1728,6,205.5471,1675.8779,27.8588,2.948,0.1034,6.178,1,9,2,53
26.9567,224.8994,0.0377,1,318.9919,2074.633,25.9311,7.1333,0.114,7.2092,1,0,1,26
69.0629,213.9397,0.0628,0,383.1941,1189.5231,13.9741,0.0,0.0,0.5,0,0,0,48
44.5201,381.3836,0.0651,0,330.9508,2697.8624,18.1931,0.4156,0.1338,7.6814,0,1,0,15
19.8854,336.6935,0.1477,6,204.6589,1877.699,24.8182,5.702,0.0737,8.8395,3,4,2,19
43.8714,196.4745,0.0872,6,316.2423,1473.3759,18.1631,3.7601,0.0012,3.3106,1,5,0,56
55.2009,257.8538,0.0603,4,312.1496,1938.5886,14.1344,3.2427,0.0,3.6756,2,1,0,13
25.6047,239.5537,0.0441,6,361.0382,2200.7824,18.0519,7.4207,0.126,11.9161,1,3,1,26
41.3989,103.7881,0.0732,7,248.677,1825.074,24.8693,1.0462,0.0836,3.4659,3,0,1,52
53.8451,174.6319,0.1133,9,32.0838,1145.4567,20.7417,6.373,0.0568,0.7177,3,8,1,0
68.7479,178.8464,0.0819,4,212.519,603.1814,24.7646,16.5305,0.0811,0.5,0,4,0,3
52.2517,122.1664,0.0607,5,366.771,1225.3604,3.5796,6.0737,0.0525,4.8517,1,2,0,33
39.0864,397.5818,0.1682,7,281.5329,2383.9577,13.9944,9.4834,0.2336,14.3941,5,6,2,13
22.5648,359.6784,0.1639,11,333.9144,1490.1367,32.9794,12.5464,0.1623,12.0039,6,8,2,2
59.7704,170.4962,0.0972,4,143.6115,1451.8541,4.4275,9.2802,0.0532,2.4214,0,6,0,3
39.7783,390.5035,0.2193,6,287.5466,1996.8375,18.4166,11.5346,0.1777,8.509,2,3,2,1
24.8278,423.6225,0.1716,8,251.8686,2121.7944,27.7637,8.4198,0.1534,12.0854,6,6,2,32
51.1186,247.8334,0.029,3,332.1866,790.3394,28.6627,8.5016,0.0013,5.2574,3,3,1,35
40.9232,406.6033,0.1992,11,141.2195,3116.9451,22.8605,10.1566,0.2014,15.6145,3,10,2,6
81.237,185.1389,0.0744,0,497.8128,1016.4089,5.9812,0.0,0.0245,2.9422,2,2,0,13
22.7412,290.2103,0.1854,4,78.985,1599.6856,29.4096,8.1072,0.1121,8.3984,4,3,2,19
56.5757,196.5185,0.114,7,195.0976,1004.7804,18.288,0.0522,0.0021,0.9484,0,4,0,0
37.6529,292.688,0.0721,3,174.747,1727.2952,18.9127,6.7463,0.0739,9.1156,1,5,0,18
37.9616,305.4617,0.0955,9,312.0998,1834.1963,29.4141,9.7807,0.1224,9.3842,2,6,1,16
48.6573,324.2792,0.0965,9,317.4014,3309.9174,29.8488,2.2566,0.2378,3.8057,5,5,2,8
56.4719,338.2486,0.0242,6,123.3041,1556.4602,25.9096,10.694,0.1374,13.779,2,4,1,11
55.8131,289.9259,0.2183,9,207.1034,2365.3281,39.8697,9.5016,0.1387,7.642,5,11,2,53
43.7368,328.2354,0.1601,5,226.5346,1570.1234,21.27,11.0315,0.1304,12.9905,5,3,2,1
20.7367,414.5854,0.0386,3,256.7049,1846.6671,23.5387,5.4338,0.1043,9.5368,3,5,2,38
18.7493,185.3007,0.1198,6,389.7976,1372.539,15.585,8.7515,0.0465,8.2921,1,4,1,7
50.3943,412.6377,0.2792,14,242.0068,3072.6408,31.0501,16.5529,0.211,18.0062,6,7,2,58
41.472,301.1113,0.2654,10,119.3856,2525.2109,28.1458,11.0946,0.2091,14.3025,4,7,1,16
73.4546,248.2261,0.0768,4,368.2964,1354.809,22.776,5.9596,0.1109,6.9571,0,4,0,14
62.7041,286.7936,0.0828,5,215.6432,1676.4871,10.7655,2.9002,0.0765,4.3745,0,0,0,23
63.8267,162.5237,0.1449,7,199.7405,1211.3966,24.6637,12.0471,0.1011,4.8964,4,4,1,36
48.5737,329.4597,0.1173,2,308.5976,2236.1001,23.2287,8.314,0.077,5.6713,4,0,1,56
35.1402,303.9632,0.2136,12,278.752,1994.3617,21.1393,11.0243,0.1608,18.2719,2,7,2,16
13.2867,296.2871,0.1527,11,293.2648,1819.9009,25.3963,9.6303,0.1645,13.0813,2,4,1,16
17.1808,264.3079,0.1679,10,299.9934,1624.8199,37.3655,15.1898,0.2071,12.7393,4,7,2,22
51.619,257.6386,0.1098,3,307.9107,1759.9279,22.4434,7.7561,0.0,7.7036,2,4,0,56
42.0878,239.2027,0.0737,0,409.0689,2044.3799,16.0638,0.0,0.0576,6.4162,2,2,0,59
62.9724,231.127,0.0786,8,163.4224,1842.7142,19.4404,9.223,0.1252,8.2407,0,5,1,3
36.72,269.862,0.0738,3,300.2939,1383.7021,20.4023,9.3018,0.083,7.5035,4,4,1,2
47.7778,382.7646,0.1246,11,285.7072,1773.2017,16.1677,5.2728,0.1322,5.6926,4,8,2,40
50.3619,187.6592,0.0159,8,310.2786,739.0726,13.0143,11.0356,0.1305,7.328,1,1,1,33
27.9427,158.0989,0.0977,0,406.9867,2123.6599,11.3877,5.0646,0.1581,5.902,0,4,0,26
23.5092,370.8044,0.1328,5,274.2766,2221.231,16.0932,6.5117,0.0,6.9567,1,5,1,10
60.1436,338.2779,0.1381,9,292.9005,2808.7434,23.6535,3.0844,0.1893,5.2723,2,5,1,6
69.823,224.762,0.0,0,411.9344,1345.8915,0.0,0.0,0.0616,0.8971,0,2,0,15
32.5285,361.501,0.159,11,62.36,2790.366,23.0094,12.2904,0.086,11.4045,2,7,2,10
40.2283,204.9048,0.1692,8,316.0579,1918.7655,22.4258,0.6547,0.1889,8.2837,3,10,2,28
46.3004,313.4025,0.1913,8,161.3471,1990.9899,25.2493,6.0685,0.1955,15.3671,0,6,2,11
64.8911,340.3984,0.0851,7,234.5789,2152.0276,11.6938,6.8159,0.0472,6.8955,2,4,1,40
77.9815,281.8451,0.1543,5,337.7732,1282.3797,14.9955,0.0,0.0352,1.1627,1,2,0,42
41.6817,162.7858,0.1002,12,142.2372,1898.6331,31.8523,4.6181,0.2082,10.5926,3,2,2,17
49.1257,343.1191,0.0909,9,200.9314,2060.9371,21.2077,7.4175,0.1312,9.5616,2,4,1,18
48.2524,238.1404,0.2083,10,92.6833,1710.6336,26.431,16.3934,0.1851,13.6861,1,9,2,3
73.1793,253.8528,0.0341,2,270.6383,1212.5284,20.5673,6.6852,0.0096,8.5889,0,2,0,14
37.601,140.3465,0.0452,0,370.0826,3077.258,12.8509,6.7879,0.069,4.3367,0,3,0,37
47.9028,222.0671,0.0176,0,284.2342,1551.5739,0.7926,2.9204,0.0905,5.5209,0,0,0,15
13.5457,326.4333,0.1417,11,230.5827,1995.2284,21.7776,10.3595,0.171,12.6198,3,5,2,7
41.9773,514.6394,0.1551,6,145.5922,2982.6218,22.8329,24.6547,0.1898,14.7663,3,6,2,30
44.6631,245.0613,0.1727,5,187.2554,2197.0792,20.0124,5.3654,0.2073,1.4393,3,5,1,31
35.2092,430.4993,0.1785,7,237.7001,1783.3108,25.8914,12.8642,0.1288,11.1578,3,3,2,1
39.032,254.8676,0.0998,4,291.2945,2032.5189,18.0768,7.2652,0.0844,8.6229,2,2,1,44
31.8247,197.7022,0.0849,3,241.7705,1928.5977,28.819,8.7062,0.1245,3.829,3,0,1,34
68.8162,255.8293,0.1653,5,166.3529,1811.0796,23.403,12.0924,0.14,7.6623,1,4,1,27
41.6809,179.4695,0.117,9,431.167,1709.2758,23.3222,0.8063,0.0157,6.2171,1,4,1,28
12.0124,190.3928,0.1132,9,240.8269,2767.4845,25.2456,5.224,0.0845,14.2913,1,8,1,39
53.2633,241.8522,0.1091,2,462.9676,1459.0829,24.3688,2.1639,0.0,5.7737,0,1,0,43
35.6274,276.3196,0.139,8,242.3868,2562.1329,15.22,8.3433,0.0811,11.6924,3,6,2,10
59.742,80.0,0.0583,0,252.4367,2251.9044,18.3851,6.9548,0.0633,4.5088,2,0,0,52
45.8288,251.7053,0.1201,6,458.6945,1529.8934,24.1059,5.6634,0.1179,5.5421,4,4,1,7
22.1508,337.8674,0.1532,3,309.0789,2917.3941,25.3466,17.5546,0.1423,13.8005,5,7,2,37
23.7379,276.3957,0.0836,10,83.5112,1814.8988,27.3704,13.4062,0.1415,10.1127,4,4,2,34
40.8264,289.0448,0.1127,2,392.6632,3189.5539,14.9045,6.6401,0.1358,11.0181,3,8,2,51
43.768,376.7475,0.1326,4,390.7586,1576.6404,29.7984,3.2891,0.1719,8.2138,1,8,1,25
28.8589,226.7513,0.0695,4,183.127,3442.8389,17.1141,10.0217,0.1196,7.144,2,7,1,37
68.342,254.0003,0.003,7,349.7313,1488.1448,25.4001,7.5463,0.1258,4.9858,0,1,1,47
14.1192,480.7,0.2247,9,183.0455,1274.6734,28.7055,16.9118,0.2034,10.8065,3,9,2,20
45.0261,323.7487,0.1726,8,184.2942,2979.3087,24.9869,15.1727,0.1187,12.1982,4,4,2,29
19.6155,234.4974,0.0342,7,281.7343,2539.6924,26.2993,2.3517,0.1122,9.4184,0,7,1,39
52.296,242.2988,0.1472,9,243.9498,1702.2595,22.2483,16.9134,0.2156,10.672,5,12,2,53
50.408,80.0,0.0021,0,308.4993,1043.4613,20.1294,5.1005,0.0647,0.5,0,0,0,52
56.8938,220.3632,0.0261,1,567.6951,824.922,14.1637,0.9196,0.0148,6.5095,0,2,0,57
32.4127,233.7805,0.1013,8,204.677,1580.2705,21.616,11.9922,0.0277,5.0703,2,0,1,55
56.6231,269.8825,0.1852,1,442.4814,2055.3798,27.9359,9.1108,0.0077,14.1673,1,1,1,57
41.9203,347.7646,0.1711,8,185.5224,1684.6447,29.2034,8.1054,0.1562,14.2783,6,6,1,18
41.2855,202.0081,0.0919,3,209.5536,1305.3005,21.0488,0.0,0.1381,8.2716,0,2,0,19
71.9888,125.5342,0.0702,1,422.3397,1131.5561,13.1376,1.6559,0.0,2.208,0,2,0,48
22.3376,330.7136,0.0772,8,219.0608,2327.9149,19.2001,8.0574,0.2114,8.0351,3,2,2,10
82.8471,151.3114,0.0713,6,341.3586,1413.9329,19.6539,0.0,0.0655,1.814,0,0,0,42
61.4424,262.9477,0.2086,5,157.442,2029.4194,20.8413,6.9368,0.0268,9.0762,4,6,1,27
41.7354,151.9001,0.0046,0,370.6784,2523.322,9.0473,12.1767,0.0997,4.6873,2,4,1,37
42.2273,198.4057,0.0938,4,217.0721,1407.4707,8.1565,7.7217,0.1634,8.0525,0,7,1,12
37.5457,134.8699,0.1126,7,282.9374,2247.8237,25.4646,0.0,0.0034,8.6555,0,5,1,28
50.1557,200.7134,0.0,0,445.6014,777.171,12.5601,6.0313,0.0119,1.7641,1,2,0,35
13.8324,321.8095,0.188,9,203.8983,1475.7895,24.7703,8.009,0.1134,14.5958,4,8,2,49
55.8789,176.9074,0.0667,0,359.9506,1505.5988,13.0017,1.8578,0.0112,6.5165,0,4,0,12
47.196,242.7105,0.0173,8,332.2041,1605.9321,7.1084,10.2367,0.1686,7.2924,0,5,1,33
35.378,298.3293,0.1162,8,401.0005,1201.9669,18.8006,4.5179,0.0543,3.7906,3,0,0,49
47.4792,378.311,0.175,5,180.1805,1432.4328,28.049,3.9448,0.1716,8.5756,4,0,1,23
42.9044,445.291,0.1383,6,199.0797,1958.5402,20.137,10.9424,0.0964,12.7816,5,6,2,25
50.4675,85.9852,0.0969,4,278.781,1977.1392,16.3404,4.9401,0.1983,4.4534,2,8,1,12
79.483,282.6343,0.0,5,408.6547,1428.8375,20.0206,4.2437,0.0398,4.3117,0,1,0,14
57.472,357.5881,0.2233,9,128.8871,2192.6576,16.0464,4.5476,0.1542,9.8486,5,7,2,6
35.5958,403.8877,0.0812,4,285.1573,1621.9274,17.7132,5.8742,0.1357,5.9782,0,7,1,1
41.6588,286.9065,0.1707,3,10.7537,1287.1034,24.1381,9.5182,0.1657,11.3275,3,5,1,21
32.9944,224.4203,0.1052,7,163.0947,377.4021,19.3754,3.4067,0.0785,8.5791,2,1,1,19
88.6866,98.0528,0.0642,4,441.2785,335.4386,0.0,2.131,0.0,1.4246,0,0,0,54
49.9827,115.029,0.0427,0,469.4395,2133.108,7.6807,8.1002,0.0582,6.1689,2,0,0,37
46.6036,191.4436,0.0624,6,390.4456,1433.9211,31.9636,5.907,0.1138,5.7804,1,6,1,7
80.7007,134.6521,0.0386,0,388.9846,1759.4388,10.2458,0.0,0.0348,8.6068,0,4,0,24
55.626,237.371,0.1305,6,266.3149,1749.4961,21.7382,12.1686,0.0964,8.4569,2,1,1,44
64.8378,253.7962,0.0836,6,323.2574,972.6342,20.8606,6.0736,0.1108,2.7896,2,3,0,27
68.9551,223.4282,0.0496,1,425.7754,1596.5843,18.2923,2.9761,0.0,6.0014,1,3,0,57
47.2746,374.0045,0.0814,3,149.5149,2089.0577,21.4809,6.9625,0.1212,10.658,3,6,1,18
28.2737,177.6979,0.1164,5,391.9542,1807.6293,27.0724,15.9431,0.0574,12.2513,3,5,1,50
49.2749,373.8172,0.2648,12,99.4879,2294.9917,31.4396,14.0179,0.1507,14.1253,7,10,2,27
44.1327,128.1883,0.0,0,487.064,100.0,9.8213,5.6054,0.0,1.8216,0,0,0,55
75.915,197.2815,0.0274,2,290.967,1658.5783,19.9643,6.4069,0.021,0.5,1,3,0,53
75.3947,261.1994,0.011,0,408.5847,1816.1229,13.1803,2.6146,0.0,8.859,0,5,2,4
21.8347,426.9799,0.0787,4,203.9566,1384.4355,29.8898,9.7328,0.1878,10.2974,1,3,2,38
38.7627,237.9184,0.1249,8,263.1338,1635.7462,21.4798,7.7132,0.2618,8.1459,2,8,1,49
43.9266,351.021,0.203,6,159.6137,2312.3459,24.3626,7.8821,0.1763,14.8097,1,3,2,11
21.1205,228.0913,0.1259,8,277.4951,1906.0782,24.4087,12.1987,0.1705,14.7732,5,11,2,49
22.1395,389.591,0.153,7,281.9576,1040.1933,21.5747,6.0684,0.1042,11.9802,0,7,2,20
41.6158,255.5652,0.1103,4,311.9903,1953.0676,14.7011,6.8316,0.0964,5.9046,2,5,1,46
64.5926,123.2954,0.0,1,493.5702,245.5928,6.5621,2.8728,0.0,0.5,0,0,0,2
58.5312,80.0,0.0631,1,544.2048,1378.3252,13.2933,2.4175,0.0,4.6448,1,1,0,22
41.0837,208.4306,0.0595,0,423.267,2135.3497,20.7927,0.0,0.0915,3.6741,2,0,0,59
50.0602,183.3827,0.1208,4,341.7263,1902.0095,28.8546,0.0,0.0,1.5806,0,6,0,28
52.581,300.0272,0.1452,3,325.9164,1541.4453,21.201,9.8182,0.0733,19.2226,2,6,1,5
37.0192,269.6002,0.1277,7,188.5648,1874.4999,25.5838,9.3945,0.0632,8.9256,2,1,2,44
24.4881,390.3122,0.2096,6,59.9335,2190.1155,39.0815,11.4685,0.1817,16.4001,6,8,2,1
59.6664,237.6137,0.0457,8,228.7593,676.4358,19.9884,13.615,0.0078,4.7434,4,4,1,36
26.4141,217.7494,0.23,14,82.3222,2540.143,39.8872,13.95,0.2006,14.629,3,10,2,52
31.8053,490.6563,0.0841,10,167.6031,2927.711,18.3362,8.8054,0.2445,11.3189,3,4,2,15
50.6491,379.5203,0.0526,6,234.4674,2468.2973,8.0108,6.81,0.0964,7.9325,4,4,1,18
71.2857,221.8455,0.0957,1,302.4857,1122.6315,19.5323,9.2709,0.0142,10.2165,0,3,1,58
60.1936,305.8709,0.1945,6,328.7037,1891.5193,17.7959,15.7153,0.0506,8.4216,0,6,2,14
40.806,178.4751,0.1185,4,306.3876,1880.1888,16.83,11.1618,0.1759,6.2432,0,3,1,44
40.8581,199.4131,0.0767,4,293.5376,900.9143,13.6291,5.1462,0.0,1.064,2,0,0,9
9.3234,488.0383,0.1497,7,232.799,1624.18,19.4588,8.8182,0.0657,10.3043,0,8,2,20
59.5408,219.9655,0.1331,7,264.3456,1992.7876,15.5373,4.5919,0.1526,8.7051,4,3,1,42
38.5853,387.8654,0.2413,14,87.8908,2182.3735,33.7962,12.7567,0.2204,14.7088,6,8,2,16
31.0786,255.6871,0.1373,4,249.3722,1643.9076,23.693,11.4409,0.06,6.9516,2,0,1,34
19.7399,228.8118,0.1933,7,248.0673,2211.0792,48.8394,10.7052,0.2536,13.489,5,10,2,22
31.0163,300.5206,0.1633,6,225.123,2682.6213,8.2909,8.1351,0.0821,4.9707,2,6,1,10
30.4775,151.6182,0.0721,12,354.414,1713.756,33.7331,9.9562,0.0527,8.1094,1,5,1,50
22.8127,436.4802,0.204,13,215.2078,2723.7045,31.5736,1.2367,0.1322,13.7035,9,5,2,59
53.2343,291.9112,0.0801,4,211.3713,2152.8787,22.5561,12.2527,0.0538,11.2982,2,5,1,58
38.3575,295.697,0.0858,6,200.2193,1997.7943,18.759,15.3293,0.0797,8.732,0,9,1,1
17.7712,444.6128,0.1713,13,258.486,2279.0012,27.6016,13.7051,0.148,11.4502,1,6,2,32
46.9383,344.11,0.1427,7,269.4957,2328.1706,18.1728,2.0966,0.2191,12.4994,4,1,2,59
47.0837,494.3691,0.1956,12,120.2712,2323.2037,33.0833,18.1007,0.1916,14.8386,4,7,2,30
45.764,205.3553,0.0709,7,298.4922,2080.7806,31.6613,0.0,0.0075,4.8801,4,5,1,28
38.0473,348.694,0.174,9,147.2057,2793.7747,19.8527,5.5509,0.226,11.288,4,11,2,18
58.2624,281.4304,0.079,10,411.5584,1600.9912,16.6498,12.8077,0.0897,8.5314,0,8,1,40
63.7796,249.814,0.0592,3,542.1351,919.5894,20.685,0.6635,0.0,5.8256,0,0,0,43
51.9348,307.875,0.1003,5,347.918,1737.5194,25.4942,7.8236,0.0828,9.5144,5,9,2,1
37.5,225.1974,0.1142,6,315.0208,1761.8242,26.9471,5.7016,0.1158,11.557,2,5,1,5
51.6094,140.9872,0.0183,0,443.4741,1794.2651,20.861,1.6611,0.0,2.9326,0,5,0,28
62.0613,303.9738,0.0305,3,552.8748,1039.3981,22.5972,5.2874,0.0,4.2699,0,0,0,57
46.5085,184.8755,0.0364,4,373.1796,1593.8303,21.8889,10.1325,0.0218,4.1095,1,0,0,52
70.0512,199.5605,0.0,0,475.196,1534.7889,12.019,0.0,0.0,0.5,0,0,0,48
75.1803,281.8703,0.0745,6,377.3714,2360.1727,5.4657,7.4214,0.1214,2.1865,0,5,0,6
50.6616,165.6894,0.0447,0,478.5425,1201.1752,21.3943,0.381,0.0574,2.6693,0,1,0,35
56.817,212.1672,0.0,0,446.4627,1011.0055,27.2758,1.2516,0.0318,0.5,1,0,0,35
60.696,173.0637,0.0971,2,276.9234,750.4324,19.9152,3.48,0.0,1.9964,2,4,0,0
47.0855,308.5795,0.1068,10,183.1267,2254.4527,32.4733,11.1795,0.157,11.0405,6,10,2,45
45.244,148.7404,0.0401,10,181.2771,1582.4526,10.8217,6.6157,0.0779,8.1553,0,2,1,33
80.8702,192.5705,0.0691,7,203.994,1972.187,17.8539,9.818,0.0859,11.6482,3,5,1,54
95.1504,118.9022,0.0,0,527.3827,964.2923,6.6425,0.0,0.0,0.5,0,0,0,46
36.951,159.0199,0.0595,2,359.4736,1967.3024,15.9056,7.5447,0.0416,3.9323,0,4,0,37
5.0,328.672,0.1624,8,254.2519,2656.7016,19.3896,18.4819,0.0866,21.3794,3,5,2,5
63.9598,278.5253,0.1123,6,198.8637,1298.1908,22.0037,0.5673,0.0953,6.9832,1,2,0,27
35.3151,228.8573,0.06,9,273.8691,1836.4485,40.3718,9.1873,0.1086,5.3117,2,3,2,50
39.3628,374.0239,0.14,8,214.2272,2076.0347,24.1316,25.0337,0.2078,18.8884,2,11,2,30
52.622,335.399,0.1154,4,455.3977,1638.2077,11.3492,4.6926,0.0336,2.0837,4,4,0,25
67.198,163.0721,0.1075,2,226.1091,1374.8694,30.5345,5.6061,0.0265,6.2036,3,1,0,53
45.0448,235.2016,0.0569,4,515.3106,1312.8252,19.0684,3.6476,0.0,2.9573,1,2,0,25
42.8758,323.047,0.2135,3,356.2087,2857.422,23.6481,11.5314,0.1133,13.3127,2,7,2,51
66.2622,193.5339,0.1281,5,385.8128,1494.1959,16.7746,1.053,0.106,8.1134,1,5,1,24
60.1975,263.0996,0.0993,5,325.2888,2209.732,21.9376,2.0561,0.0744,5.6145,1,0,0,6
92.6096,80.0,0.0,0,336.6578,773.4815,4.5093,0.0,0.0,0.5,0,0,0,54
58.229,326.2987,0.1873,11,92.0904,2187.3506,23.9538,11.2225,0.2706,11.7213,8,12,2,45
50.7753,262.8032,0.1367,5,165.6623,1742.6391,13.8479,2.5005,0.0849,8.1651,0,0,0,16
54.3495,295.229,0.1482,9,128.4957,1884.2884,43.5583,16.1661,0.21,16.9915,5,9,2,36
65.1436,159.6835,0.0853,5,369.9881,746.3151,12.3219,0.0,0.0531,2.0664,0,3,0,42
35.5509,460.325,0.189,12,156.5678,2462.2358,38.7484,15.8822,0.1963,16.9619,5,11,2,45
42.7269,232.0039,0.0881,15,230.6382,2306.8306,23.3399,17.3124,0.1781,8.9704,3,5,2,33
29.1825,360.9411,0.1171,7,88.1343,2414.4611,24.1493,3.8225,0.1714,8.6276,3,5,2,59
32.62,272.939,0.1434,6,104.9152,1611.6795,36.6551,7.0941,0.2069,11.4868,5,6,2,9
54.5301,387.4699,0.2444,11,201.4827,1936.6818,25.9461,20.0845,0.137,13.7306,3,9,2,30
22.3149,255.0331,0.1038,7,360.7288,1772.3205,18.9235,13.3538,0.1652,11.6651,5,6,2,26
11.3481,435.6545,0.2115,14,123.6541,3145.8882,41.2316,22.9982,0.263,14.8652,9,9,2,2
54.2361,363.5981,0.2125,8,223.9967,2105.2357,23.7062,19.3489,0.1248,13.0596,3,12,2,58
73.7444,255.9442,0.0406,0,376.7274,987.8688,20.3511,0.1157,0.1035,4.5367,1,2,0,45
83.9578,144.7366,0.0055,0,346.0828,1288.8284,8.9287,0.0,0.0,0.5,0,0,0,27
87.0649,138.9272,0.0228,1,325.8246,1447.4767,37.6002,5.8074,0.0,0.5,0,3,0,53
43.3909,237.5665,0.1355,6,254.6499,1755.4651,36.1185,15.0365,0.1115,0.9229,4,7,1,29
36.1509,235.2566,0.0501,5,460.8896,1814.9461,6.8002,4.3069,0.045,6.2013,0,1,0,7
28.0158,142.1471,0.0,2,331.7469,2078.067,16.8063,5.0792,0.0435,11.6471,1,6,0,26
19.0761,422.7383,0.0843,8,340.3128,2171.7628,22.7747,3.3917,0.127,11.5803,2,3,1,26
76.0201,154.3166,0.08,2,322.5313,1306.5461,29.1044,6.1419,0.0257,4.7907,1,5,0,53
44.9367,266.4008,0.2079,9,151.5126,2948.1394,22.6371,8.4984,0.1853,8.4933,7,10,1,8
13.4776,266.984,0.0575,10,291.41,1794.3156,35.5955,21.5953,0.08,6.9663,5,5,1,55
59.2336,364.8177,0.2445,14,113.3442,2962.7446,33.1092,7.629,0.185,12.2645,6,9,2,42
57.8368,234.5201,0.0,2,389.2351,1999.5453,9.0404,0.0,0.0937,4.9014,0,0,0,15
22.1363,226.6081,0.0808,7,214.1314,2440.3377,23.6851,1.1851,0.142,13.1525,1,6,1,39
45.7396,145.6679,0.0507,0,319.4529,2791.1975,17.4976,9.0083,0.0248,6.2302,2,5,0,37
39.8688,145.7069,0.0717,2,451.5461,1625.5442,5.0465,2.3868,0.0183,2.4152,1,1,1,46
14.5163,309.8869,0.1704,11,203.3102,2733.1235,30.6977,10.4856,0.2352,16.644,1,6,2,39
52.2364,152.5521,0.0538,2,413.7325,1083.3567,23.2618,0.3701,0.0,4.4961,1,4,0,22
41.8842,194.1509,0.1141,3,384.0043,1590.5978,12.5987,7.4435,0.0246,15.9452,0,2,1,5
57.9164,288.796,0.2311,13,165.9491,1333.9241,27.4253,8.4524,0.1008,10.8996,2,5,1,42
6.7612,353.1178,0.2736,17,95.4276,2795.3819,25.0756,17.2898,0.1705,8.1368,4,14,2,10
36.1533,199.0554,0.1028,3,317.6575,2458.2928,21.8062,3.4478,0.1892,3.6934,5,0,1,8
64.1905,90.6846,0.0397,0,415.0009,1233.8407,3.5394,1.2789,0.0771,3.7402,0,2,2,12
43.2823,214.03,0.0,0,458.5303,1322.4077,4.0039,0.2981,0.0,11.9126,0,0,0,5
21.1597,155.3715,0.1546,6,358.0594,1711.2949,21.0273,10.8707,0.1567,12.0712,3,6,2,7
49.4117,192.4812,0.1026,4,404.6288,221.8563,14.0415,0.7109,0.0907,5.0636,0,3,0,49
57.4729,190.8313,0.0801,5,415.9425,745.024,19.9756,2.3229,0.0,8.7796,3,1,0,45
38.7977,306.8709,0.1099,6,69.4692,1230.3295,37.3934,11.0714,0.0656,12.9713,3,3,1,9
41.5454,281.4413,0.0755,5,122.8268,649.0936,11.9688,7.8251,0.0884,7.5237,0,1,1,38
24.3063,384.223,0.0418,6,253.255,1997.763,25.9648,9.9242,0.1496,10.7336,5,7,1,25
73.6607,319.9578,0.2581,12,170.5385,2010.0438,33.3487,4.71,0.0621,10.5495,3,5,1,42
48.6756,266.3822,0.0503,7,219.8183,2068.7025,19.242,13.1688,0.1246,1.2836,1,3,1,31
54.2904,255.5963,0.0706,5,465.9417,2486.6788,17.9513,0.0,0.0489,5.055,3,4,0,8
32.9908,124.4991,0.0,0,370.1744,2482.7056,14.4911,6.9892,0.0874,3.3589,0,3,0,37
40.0544,179.73,0.1399,5,352.7111,1725.9279,26.8722,5.8301,0.1215,9.705,3,3,1,22
53.1142,186.2321,0.0283,7,367.0485,1611.0393,11.3163,13.0512,0.0837,1.3831,2,2,1,33
36.895,157.8367,0.0897,0,226.4022,1024.6868,28.4797,2.1469,0.0441,9.2079,0,1,1,19
49.5814,298.4285,0.205,8,250.7365,2076.3276,24.3811,9.7653,0.0761,10.5432,5,7,2,56
50.4585,332.254,0.2278,9,145.0826,1907.6439,25.0597,11.862,0.1016,14.9191,3,12,2,27
32.307,284.9002,0.0689,0,242.4648,857.956,17.1201,4.2772,0.1019,8.5448,1,0,0,21
47.7499,357.2937,0.1153,6,273.8742,2113.5605,17.5735,4.9862,0.0855,9.7562,0,2,1,1
48.8059,288.5963,0.1185,4,323.1345,1473.3811,21.0852,17.5147,0.1336,9.8088,1,2,1,30
46.2447,345.1616,0.0745,1,229.8287,1806.5305,19.0542,7.0746,0.1059,7.808,5,3,0,56
37.7523,216.0941,0.1422,4,425.6447,1872.5721,16.191,0.4877,0.078,9.0384,3,2,0,49
46.5871,128.0277,0.0122,7,291.9391,1740.4272,8.9025,7.3761,0.0617,0.5,0,3,0,33
58.3524,212.8107,0.0749,5,424.0332,1661.236,14.8569,11.521,0.074,0.5,1,0,0,44
47.4023,204.1871,0.0879,0,316.9171,1505.3904,29.4433,9.861,0.1195,5.305,5,7,1,35
23.528,372.858,0.0869,9,180.3831,1707.5042,26.4539,11.1886,0.1794,12.8822,4,9,2,18
49.0977,302.8155,0.0,0,315.2231,1639.5691,16.4715,1.6709,0.0312,2.7097,0,0,0,59
70.2647,283.6555,0.0531,5,418.7695,1471.012,20.3968,2.8185,0.0312,8.7765,4,3,1,45
68.5902,149.3911,0.0315,0,394.4571,100.0,9.0378,0.0,0.0,0.6855,0,0,0,9
75.4134,361.15,0.0,2,336.6957,1886.6555,10.9489,11.6358,0.0878,9.2115,1,3,0,4
67.8105,315.3207,0.0876,7,186.6169,2341.956,26.1818,14.1196,0.1242,4.4454,5,7,1,31
107.0665,97.1631,0.0,0,437.7569,829.5516,7.7057,0.0,0.0092,0.5,0,0,0,54
19.1705,405.0695,0.094,10,239.3869,3223.2082,27.1555,2.6693,0.1603,11.4697,5,3,2,59
84.978,80.0,0.0,0,400.7102,1621.2921,13.5918,6.911,0.0463,2.5719,0,0,0,54
34.5119,313.0219,0.1915,5,293.69,2524.0387,21.9841,12.7168,0.0317,9.0787,1,5,2,41
30.9537,223.9428,0.1145,7,342.8025,1518.5351,24.8879,5.5094,0.1251,7.746,1,1,0,16
50.0229,218.4741,0.012,4,378.8124,1996.7731,3.9803,2.1279,0.0697,7.0932,3,4,0,25
46.4059,309.1061,0.1043,2,290.8111,1826.723,13.5649,0.0,0.0457,12.5013,0,0,0,5
11.2037,429.7206,0.1971,10,294.7003,3695.7866,30.4716,15.872,0.1439,19.2731,4,8,2,25
66.485,267.4227,0.1503,4,269.0895,1408.8756,19.6364,9.0811,0.0776,12.7759,4,6,1,58
54.9323,269.8837,0.1349,4,173.6833,1888.6549,22.8339,4.614,0.0852,12.0291,4,6,1,27
35.2323,210.9031,0.1282,10,316.3416,1918.007,22.1017,3.528,0.1354,9.1001,3,2,2,7
68.4372,170.9186,0.0108,2,517.2667,1213.7918,12.4757,4.1892,0.0188,4.6068,0,1,0,46
20.1191,214.3141,0.0006,3,307.5262,1993.7272,10.7008,3.9304,0.1852,11.4157,0,3,1,26
47.501,240.9791,0.1727,11,199.5237,1940.5296,31.357,19.0995,0.132,6.4205,0,5,2,3
28.2655,236.0695,0.2003,6,181.0482,1283.1433,32.3655,2.7705,0.0759,8.1264,2,4,1,19
54.4779,280.2747,0.1509,9,123.3739,1833.7186,27.1274,13.6028,0.0841,14.7006,2,8,2,14
36.0153,300.2575,0.0312,1,448.9314,1241.1183,19.3301,9.1279,0.0836,8.2638,2,7,1,35
24.8792,293.7273,0.0,5,210.8195,1956.4963,26.3706,7.4878,0.0912,9.442,4,5,2,34
42.24,287.6736,0.0625,10,203.0293,2182.212,22.8649,4.6679,0.0978,5.7533,4,8,1,40
28.8668,306.012,0.2153,5,201.1864,1828.991,30.1621,0.0,0.0992,10.2037,1,6,2,19
41.2038,325.7261,0.0732,3,258.2561,2574.1752,20.6009,3.1933,0.0,2.3493,4,0,1,59
65.8601,272.1102,0.0941,3,374.8823,1911.0556,15.1502,2.5046,0.1302,4.9345,3,2,0,13
62.3675,297.3193,0.0024,2,264.897,1134.3003,19.4925,8.1171,0.1314,2.6355,2,1,1,23
29.2423,266.2,0.1017,4,270.0933,2069.9748,23.1654,5.7392,0.0657,8.8055,3,3,1,32
38.2673,254.5293,0.133,8,192.5723,2136.2367,15.7538,10.267,0.1521,11.791,1,5,1,16
24.9465,173.7627,0.1635,5,208.255,1348.264,31.4169,2.6902,0.1841,6.04,1,5,2,19
51.8702,490.5661,0.1435,7,264.4417,1811.2439,32.7313,13.9333,0.1828,15.4576,4,8,2,30
39.9479,345.7936,0.0874,5,411.2071,2231.8,12.9527,5.161,0.0774,9.802,4,5,1,25
27.8293,271.105,0.0844,6,342.2807,1395.4243,22.5699,5.2716,0.1072,10.4095,3,0,1,7
68.3593,205.8882,0.1663,9,271.2716,724.1711,22.5316,15.7562,0.0912,5.1759,2,4,1,53
69.7781,162.2291,0.0593,4,379.3227,2491.3967,0.1173,7.2784,0.0439,1.4024,0,3,0,6
61.1019,301.7365,0.031,0,330.0865,2687.3579,2.6417,4.5846,0.1375,9.3421,0,0,0,15
37.8803,279.6923,0.17,6,341.4584,1590.5989,28.285,9.312,0.0715,9.0441,2,6,1,9
27.5994,358.5079,0.0974,5,176.662,1694.2854,16.2572,5.8082,0.2182,11.4557,5,5,1,18
46.9874,338.0636,0.1287,4,234.3247,2013.9497,27.4883,9.4584,0.1076,14.0596,6,2,2,45
33.9796,446.725,0.2196,15,79.0168,2618.7169,34.3397,13.7679,0.2384,10.4746,3,7,2,29
47.3588,250.199,0.0939,7,377.4956,1776.0166,24.4874,5.8235,0.1316,11.4088,5,4,1,45
24.2021,219.2856,0.0578,8,431.1539,1863.7577,26.6206,8.0892,0.115,6.8479,1,1,2,7
47.2455,173.4989,0.045,5,343.6433,679.0506,21.5964,6.7989,0.0029,4.056,2,2,1,9
27.1042,318.3152,0.0755,5,292.5427,1305.1973,21.0877,10.0727,0.1245,9.4479,0,4,2,20
52.323,429.8581,0.1088,6,117.8294,1349.6051,28.7197,2.7487,0.1855,10.1679,0,6,0,23
34.0619,264.1506,0.1377,11,177.019,1580.0545,31.363,4.7427,0.1543,8.3546,2,7,1,17
56.5273,438.1553,0.1205,10,231.6215,1650.6757,22.4814,16.4131,0.1085,10.4649,2,4,2,30
31.9995,215.0091,0.1197,5,378.5064,1944.4517,14.3537,7.8983,0.0761,12.6241,3,0,0,49
5.0,364.8582,0.2142,9,163.1618,1337.8614,25.2342,13.5944,0.177,11.0691,2,11,2,20
53.2584,150.2503,0.1,3,346.629,1450.7039,5.0229,7.1435,0.1284,2.8489,2,9,0,12
56.0115,198.5107,0.0175,2,306.1937,775.88,24.2623,2.5188,0.087,0.5,2,3,0,35
71.3725,292.6114,0.0809,1,402.502,1622.1235,10.8587,8.7405,0.0573,9.9912,0,4,1,14
41.5237,258.1583,0.19,4,454.0334,2483.3237,42.1397,1.6483,0.111,9.9043,4,9,2,28
64.6887,236.0923,0.0872,0,412.1199,1594.1143,14.3272,0.202,0.0132,6.6067,1,0,0,48
56.8155,80.0,0.0356,0,487.3652,544.154,14.8737,0.0,0.0,0.5,0,0,0,9
26.3558,309.1488,0.1263,3,222.7118,1184.7514,20.9586,4.7731,0.0882,8.522,2,4,1,32
53.5571,248.9569,0.1096,6,193.876,1853.844,23.3515,5.3728,0.0268,11.3461,0,3,1,11
53.8311,235.6652,0.068,6,275.0607,1591.7367,26.8661,11.1929,0.1906,8.9326,3,2,2,47
52.1984,270.5619,0.2124,9,101.9949,2525.0234,15.8479,4.6557,0.2085,10.1944,3,6,2,24
29.0561,271.7385,0.0935,6,225.7843,1861.5781,19.977,14.6385,0.0816,10.9015,4,9,2,2
38.369,194.7582,0.1766,5,322.1682,1858.3126,28.9628,3.9219,0.1474,8.5539,1,3,1,49
50.9436,225.1731,0.1498,10,270.7413,1168.2815,27.1569,12.3697,0.1933,4.8039,0,6,2,3
43.9712,249.5808,0.063,4,256.293,1808.5941,8.9991,4.4213,0.0773,1.796,2,5,1,10
10.9986,276.7755,0.1411,10,235.8901,2191.8498,35.8749,7.8352,0.1991,15.2214,1,11,2,39
29.1599,313.7115,0.2107,11,195.8742,2700.829,31.3958,18.563,0.1417,9.1286,3,6,2,29
50.4685,382.0416,0.1271,12,128.754,2476.3015,29.8671,7.6415,0.206,16.8923,2,9,2,11
51.4975,280.284,0.1023,6,290.3686,2306.9553,12.4589,4.0429,0.1936,9.0152,1,2,1,6
54.3063,241.0779,0.0331,7,265.4534,1022.9862,12.9109,1.1858,0.0673,2.8342,0,0,0,23
41.7902,192.9379,0.0503,7,196.4475,1740.7212,21.9305,4.612,0.1315,12.107,0,0,0,11
56.2768,132.6087,0.1194,3,321.6398,1847.4898,17.1501,11.1926,0.1406,5.2406,1,3,0,12
65.099,86.3147,0.0,0,408.473,100.0,18.7479,0.0,0.0,0.5,1,0,1,9
52.9867,252.654,0.1148,12,437.3959,3324.5196,25.4556,4.8225,0.2467,11.4324,4,9,2,24
46.6129,308.0444,0.0851,6,173.6113,1693.2863,32.6448,9.8905,0.1117,6.8701,2,5,2,35
60.1046,314.8964,0.1555,12,206.1579,1627.7126,28.6446,15.8883,0.1871,16.1388,3,7,2,54
72.0431,294.1136,0.0984,0,323.0014,932.1874,19.1864,10.5233,0.0007,7.5701,1,2,0,30
35.9261,359.6437,0.1649,12,78.8648,2896.707,29.5166,7.1842,0.3301,18.7158,3,8,2,11
45.1479,183.4395,0.053,4,189.6161,617.6608,23.8671,6.7216,0.0305,8.3377,1,1,1,9
39.8993,374.6021,0.1973,13,147.5218,2813.1998,34.147,18.6036,0.213,22.1132,4,9,2,58
44.7586,210.5863,0.0894,2,412.3408,1670.6266,29.0038,10.6922,0.1047,3.9397,2,2,1,50
8.1327,385.2108,0.1273,13,136.4422,2395.149,16.0047,15.3599,0.1768,11.9765,7,9,2,10
43.9978,333.4847,0.1156,6,352.8479,1287.0669,22.8699,10.1865,0.0148,8.0917,0,4,1,1
42.8449,325.7046,0.1541,8,193.5862,2023.095,32.042,10.3647,0.1434,11.0821,3,4,1,18
32.756,384.6469,0.2112,15,53.7729,2736.1511,44.997,20.9239,0.1979,10.4639,3,9,2,29
31.0887,349.5202,0.116,11,181.5514,2559.9613,18.037,8.9911,0.105,7.4016,3,7,2,10
59.6663,357.0107,0.1518,3,381.0967,1871.9685,27.791,12.8717,0.1484,18.354,4,9,2,45
60.4171,157.8847,0.0952,9,128.5546,1742.012,24.4498,12.2382,0.1294,6.1267,3,6,2,47
37.5884,279.2181,0.1714,11,257.1173,2995.7233,24.0299,14.6681,0.1219,10.506,4,8,2,46
67.6657,215.2065,0.0635,4,436.1593,1423.7217,13.3621,11.0486,0.0482,5.5104,2,4,0,43
58.3135,293.6951,0.0018,0,478.0438,2634.0257,12.8172,4.5054,0.164,9.4811,0,0,0,15
27.439,261.3906,0.0775,11,381.3601,1693.0744,15.8529,9.4037,0.0927,9.8003,2,0,1,49
32.4651,467.5229,0.1226,6,332.2994,1714.6051,6.8839,12.2419,0.1625,13.0489,7,8,2,25
53.8841,240.1782,0.0244,3,306.2894,1744.3953,13.9935,7.2691,0.0791,9.4675,0,1,1,46
90.0832,359.9625,0.0,1,390.4582,1607.0696,0.0553,0.6049,0.0578,4.1587,0,3,0,4
70.8832,270.0079,0.0929,8,310.3123,1494.9238,16.819,4.2325,0.0777,12.3486,0,6,1,14
18.268,389.2746,0.1839,9,187.6547,1749.11,26.4835,4.9879,0.09,9.9759,3,4,2,32
85.5273,97.4655,0.0067,0,443.7807,1122.1266,14.3189,0.0,0.0379,0.5,0,0,0,24
64.0944,193.5004,0.0784,4,332.7194,1290.3635,3.7742,8.1149,0.0417,0.5,0,6,0,33
31.3054,321.6509,0.1578,7,260.559,2890.92,22.2265,16.0284,0.104,12.9963,4,6,2,44
66.0704,139.9866,0.0985,6,195.1903,1960.2741,41.4867,10.7142,0.1213,4.6578,5,10,1,53
41.2409,313.2046,0.1909,13,108.2256,3015.8345,37.9406,18.7756,0.2108,11.8743,3,11,2,29
55.7244,207.7707,0.0918,6,379.7223,2000.0057,24.4067,1.2516,0.0879,3.5629,2,3,1,45
8.5341,446.4317,0.1712,7,332.6336,1570.8146,25.3131,10.3022,0.119,9.2794,0,7,2,20
41.7032,249.0334,0.1208,10,220.4188,1894.9428,23.5033,8.5545,0.0685,12.0416,7,5,2,49
59.4322,277.0067,0.077,0,426.1999,1296.3497,22.0145,0.0,0.0,0.5,0,0,0,59
37.2528,363.2059,0.0943,5,197.742,2925.8801,15.2512,10.8351,0.2259,12.887,4,6,2,15
23.5791,369.2245,0.1773,8,170.7768,2742.9099,22.9602,12.9459,0.2297,7.3388,2,11,2,10
75.5267,247.7172,0.0606,5,209.2171,1648.9331,29.2226,17.2769,0.0632,6.438,3,7,1,36
24.725,418.8988,0.1284,7,354.6294,1236.3905,25.7412,3.0066,0.2526,5.0103,0,4,1,20
51.7568,215.5899,0.0746,0,554.3122,2745.1048,17.3089,9.4871,0.0987,4.3626,1,1,0,51
43.1238,264.9094,0.0959,3,328.1274,417.3896,29.5582,3.7175,0.0,3.2573,0,3,0,9
45.7909,249.7941,0.1043,2,427.0304,2573.9381,20.75,7.5492,0.0945,6.369,3,3,1,51
64.1206,167.0245,0.1879,6,97.2757,1309.779,15.4354,4.0661,0.0972,6.6627,2,7,1,0
51.5026,283.4048,0.1058,5,258.6559,2296.1146,24.6875,15.0629,0.126,12.737,1,2,2,44
24.6064,512.0486,0.1885,13,165.8768,2283.8472,28.6106,13.1522,0.1923,12.1187,4,8,2,1
60.6015,282.5194,0.1528,5,110.4624,1983.2489,24.8058,8.8138,0.0873,11.1825,5,7,1,27
73.9685,200.2843,0.151,8,158.5677,2188.8878,22.9257,9.3702,0.1617,8.6693,2,8,2,53
43.595,279.6955,0.1854,9,179.4055,1658.2974,22.1146,10.812,0.1267,8.0751,5,1,2,0
54.1251,184.6615,0.0752,0,421.7139,2047.0286,16.1149,0.0,0.0,0.5,1,4,0,8
50.2755,199.2067,0.1112,5,370.1295,1715.7929,27.0327,0.0,0.0679,2.2543,2,4,1,28
5.7558,264.01,0.1557,8,207.7332,2387.0612,20.4975,1.7812,0.1967,9.1971,0,5,2,39
54.5926,277.0051,0.0645,0,480.9694,1478.2974,3.4143,0.0,0.0508,6.4218,0,0,0,15
46.3035,326.177,0.1557,9,254.7551,1756.7246,9.1882,10.7197,0.0726,9.7185,1,4,1,10
17.4888,186.0028,0.0754,5,368.4891,2382.359,21.3353,8.9288,0.1764,1.7831,1,7,1,26
79.4889,111.2375,0.0,6,440.0716,445.8602,11.035,1.5077,0.054,0.5,0,2,0,47
34.4692,255.7922,0.0571,3,354.9442,1714.2682,21.6633,3.7348,0.0,9.6493,0,0,0,32
38.2663,407.094,0.0801,16,167.1654,2895.2961,25.2253,15.3442,0.1351,11.64,5,10,2,40
49.3275,371.7278,0.0214,10,87.2337,2103.7908,32.3952,6.149,0.2586,10.8737,0,7,2,11
25.2398,227.2353,0.0855,2,177.6047,828.6413,22.5889,0.0,0.0178,7.8441,1,0,1,19
25.1504,232.5134,0.0232,7,282.2989,2642.7995,27.0449,0.2415,0.0,9.3998,1,5,0,39
45.3954,269.7895,0.0338,4,441.925,1161.0239,25.9836,3.5527,0.0792,3.694,3,4,0,50
11.3151,222.0563,0.1839,17,418.8258,2340.4084,26.1551,5.6374,0.1808,7.3055,1,3,2,7
36.8124,443.1434,0.0732,5,323.7186,1972.4943,13.1109,4.5038,0.1972,5.4114,4,6,1,25
32.6279,195.2073,0.1221,3,389.147,1294.9983,20.582,2.4441,0.0833,5.1533,3,0,0,49
27.1452,332.7691,0.2225,8,258.3218,2275.5066,13.6412,11.7256,0.1323,8.3631,2,4,2,10
61.0077,236.5655,0.0863,3,365.6949,1954.6816,22.4061,10.9823,0.1356,8.6522,2,0,1,58
69.212,400.0675,0.0515,6,340.1323,2021.8827,30.2642,19.5846,0.0824,10.3396,1,6,1,30
31.874,151.5852,0.0753,2,284.8677,671.7314,23.8481,1.6355,0.0124,4.9396,2,0,0,19
41.4874,139.769,0.1297,13,10.0,1588.1833,20.8796,12.3268,0.1139,10.217,5,11,2,0
60.7074,266.2198,0.0834,7,346.8249,1768.6592,13.7456,7.6651,0.0,2.143,0,3,0,43
70.2947,218.7236,0.1054,3,296.8515,1779.3278,15.749,7.3202,0.0356,8.4271,1,3,1,58
67.5559,339.7412,0.0984,5,295.4442,2258.2823,12.4561,2.0762,0.1177,4.4917,1,0,1,6
38.6224,331.8294,0.0797,8,349.5662,2502.2241,13.6518,0.0,0.1626,6.7209,4,3,1,8
77.5725,222.9366,0.1111,4,405.1703,1423.6116,18.9119,7.7878,0.0,10.4575,0,3,0,14
44.9865,351.8974,0.1123,5,289.844,1942.4035,15.4545,10.3542,0.0357,9.9854,0,4,1,32
56.0902,255.851,0.1472,4,342.7546,1513.6555,19.2895,12.7682,0.025,10.3425,3,2,2,58
70.5846,181.8268,0.0943,6,326.9265,1652.2656,11.1142,3.0936,0.1337,3.836,0,2,1,6
64.4134,254.3266,0.0527,3,411.2335,1498.0527,14.088,3.7147,0.0,1.6075,0,3,0,18
45.0581,271.5716,0.0709,3,372.3917,1815.5635,22.3844,0.0,0.0135,4.8584,3,2,1,59
34.1392,422.6932,0.2329,14,260.9328,2298.7825,11.364,20.4327,0.1725,13.2466,3,9,2,10
10.8659,220.1301,0.1323,11,313.1242,2770.9942,18.0234,2.9861,0.2061,16.2094,1,6,2,39
55.1596,277.775,0.0836,5,338.5657,1391.2102,31.9077,1.7093,0.0845,8.1811,3,4,1,45
46.6508,158.2847,0.1953,7,247.2318,2011.4307,15.0386,11.8316,0.263,12.5917,3,11,2,12
60.1213,212.3273,0.0857,8,290.2845,1439.2051,21.4807,11.2438,0.0422,2.5435,0,5,1,3
72.003,280.8761,0.0848,4,303.8969,1710.1837,18.382,6.0278,0.07,9.1241,0,4,0,14
49.2804,381.9356,0.0552,3,390.2716,1278.1028,16.8365,9.1102,0.0106,5.0519,2,3,1,25
65.6528,218.5485,0.0,1,356.7668,1531.0244,11.0417,3.8695,0.0019,2.2806,0,1,0,44
39.0479,136.0462,0.0653,0,447.6425,361.4712,9.9017,0.0,0.0,0.5,1,3,0,9
54.4511,272.0349,0.2599,10,112.2004,2468.3576,31.3152,17.3979,0.1652,16.2552,5,9,2,27
46.9637,185.5129,0.0661,11,318.4465,1952.339,42.847,10.7746,0.1391,7.0604,5,8,2,50
67.3699,221.2209,0.1024,4,449.7292,1432.2463,15.7596,7.4161,0.0041,9.4415,3,0,0,57
71.0026,260.4013,0.0443,9,397.8584,1596.7536,14.8683,6.0991,0.0754,9.3796,1,0,1,14
21.4566,134.7925,0.0909,6,234.4649,2680.8595,22.1705,5.5455,0.118,11.1968,0,3,1,39
17.6555,279.7935,0.2178,9,272.8637,2408.0213,39.2598,13.331,0.1918,14.1996,8,8,2,49
40.3247,145.6534,0.1074,1,145.5154,2018.9938,22.0742,7.3613,0.0513,3.8755,3,4,1,52
74.0628,186.7888,0.1037,8,201.0182,1657.5352,29.8341,1.6277,0.0444,5.0979,4,6,1,53
34.7871,326.9739,0.093,3,247.4045,1689.7764,18.8499,4.2542,0.0208,3.5279,1,4,0,32
49.0505,115.8977,0.009,0,480.5181,1110.269,21.0456,7.5446,0.0,0.5,1,0,0,50
71.4143,256.9429,0.072,5,510.4171,1472.252,12.4301,8.4479,0.092,9.5046,1,0,0,14
51.3645,253.2033,0.0568,8,145.5209,2912.2096,28.7237,14.806,0.1447,3.8695,3,3,2,29
37.3216,274.942,0.1558,6,102.8621,1886.4887,26.9259,10.3442,0.1121,11.0344,1,2,1,21
69.0333,207.2795,0.1714,5,178.7423,1272.896,14.3213,9.4487,0.0846,6.5145,0,4,1,3
61.7082,95.8735,0.0,3,470.9121,987.8751,12.3217,0.0,0.0475,0.5,0,0,0,33
55.0351,221.1182,0.0722,0,502.8865,2889.6691,2.165,5.3557,0.0646,3.9179,0,0,0,51
31.9441,296.6715,0.2363,13,64.2797,2288.2703,27.3355,10.7163,0.2284,17.952,4,6,2,16
38.4826,161.6899,0.0644,7,407.2062,2290.0606,33.0096,12.4383,0.0666,5.2438,4,3,1,50
49.9035,273.3288,0.0282,1,452.964,1691.7703,24.7289,3.5194,0.0,1.4199,0,3,0,35
81.7453,166.6327,0.0165,7,338.7079,1636.2802,7.7938,7.8292,0.0,6.2251,3,0,0,54
58.1428,194.2301,0.0959,4,404.8402,2254.0749,8.3091,3.6915,0.1749,6.8401,2,8,1,24
20.9121,237.1888,0.2131,10,94.5619,2457.2079,38.5467,15.1977,0.2639,11.9779,5,8,2,52
60.1241,311.4202,0.0999,6,319.8381,2655.8363,27.795,5.8035,0.1354,4.8513,3,2,0,31
47.9171,247.6665,0.0202,9,292.8279,1317.6273,14.9479,11.7882,0.0871,7.9876,2,4,1,33
36.8567,97.426,0.0233,4,433.0375,1984.8015,35.7541,9.9107,0.0303,4.3899,2,5,1,50
40.8279,266.8396,0.1192,1,307.6651,1967.9063,29.7714,6.2987,0.0491,9.2949,2,4,2,56
19.4739,404.4009,0.1504,8,157.674,2603.8414,29.2466,9.4508,0.336,15.1119,2,6,2,15
50.1576,219.9519,0.0713,1,297.6387,2083.4369,27.5725,0.0,0.1162,5.3275,1,3,1,59
31.4915,153.9689,0.0752,7,285.2449,2120.6672,24.4766,4.6135,0.0984,8.6419,0,4,0,39
15.4408,186.703,0.1617,11,413.9517,2548.8244,31.5286,4.305,0.1352,18.3655,0,7,2,39
74.4884,181.0901,0.1644,5,360.8997,1711.3322,32.1962,7.4471,0.1101,6.7924,3,5,1,53
61.8552,91.2878,0.0,0,509.7953,1162.7867,12.8707,0.0,0.0,1.0521,0,0,0,5
14.4663,310.7204,0.1972,11,201.8461,2011.599,30.9351,12.6531,0.1785,14.948,1,5,2,21
46.3238,248.9754,0.145,7,515.6389,1846.3021,27.7385,4.7129,0.054,8.9401,2,3,1,43
49.0006,313.7972,0.1678,8,87.4766,1720.6314,24.4965,18.1824,0.186,4.8747,0,9,2,3
20.604,348.397,0.1976,9,229.9564,3680.0098,21.2757,18.574,0.2657,15.7953,4,8,2,51
34.2111,349.2013,0.1307,7,309.8649,2496.7219,27.7071,1.304,0.1106,6.2104,4,4,2,59
27.1686,249.8481,0.1884,12,187.2483,2803.9871,35.1566,11.0463,0.2268,18.8399,5,6,2,52
28.7442,347.4575,0.165,6,299.9128,1967.5829,33.7606,19.0902,0.0853,8.0655,4,6,2,56
48.9187,202.0907,0.091,6,311.437,2041.8833,20.1356,7.0636,0.1161,6.3856,5,5,1,46
52.4461,295.7628,0.0922,8,269.224,2055.8489,26.8127,5.844,0.1295,12.2199,4,9,2,45
42.0417,176.8499,0.0628,5,521.2153,907.4674,17.584,1.0836,0.0,10.2769,2,1,0,49
36.0688,251.4212,0.1578,6,329.2007,1843.1392,20.8678,5.8738,0.078,10.9789,2,8,2,7
45.4648,303.2636,0.1446,5,380.5339,2584.2104,17.804,2.1565,0.0112,10.2153,2,6,1,13
77.549,247.359,0.0,4,392.1888,755.1574,21.0679,2.5816,0.0452,1.3331,1,0,0,47
42.4199,324.8518,0.1784,6,272.7066,1881.4113,32.1748,9.7476,0.0,6.8471,7,2,1,56
32.1725,337.679,0.1466,6,322.1656,2360.0047,30.4649,9.4868,0.117,12.6622,3,2,2,44
36.2258,195.3258,0.1347,6,162.5163,1465.8918,31.9653,17.7491,0.1264,9.6987,4,7,2,36
54.3002,189.3187,0.1219,3,311.3441,2072.8701,25.3612,3.2572,0.0195,7.2713,0,5,0,28
42.5769,194.5354,0.1376,0,396.2732,1488.6292,28.4768,0.8804,0.0,9.6664,3,0,0,22
34.9986,161.8412,0.0,2,460.7323,1176.4914,10.1333,0.0,0.0,3.2058,0,0,2,7
33.2638,398.7833,0.134,8,220.5846,2179.2358,17.1259,5.5516,0.002,12.758,0,7,1,32
29.3373,366.7121,0.0755,8,191.1421,2094.4192,25.5403,0.2728,0.0945,7.1871,4,2,2,59
52.804,288.9276,0.0558,6,421.7158,2622.9893,15.2253,0.0,0.0756,5.9131,4,4,0,8
38.2103,434.6402,0.1455,7,303.6098,2111.9675,23.1184,5.9503,0.1369,10.007,5,4,1,25
48.5846,211.9461,0.1563,5,446.2194,1948.4503,8.7442,10.2942,0.0397,3.1629,2,4,1,41
35.3754,165.7183,0.1484,10,262.019,2195.5108,19.0564,4.6953,0.0568,11.4561,4,9,2,28
51.2553,440.9531,0.0456,2,316.0518,1602.3632,21.645,10.1653,0.0657,7.6485,4,6,1,40
41.1588,143.591,0.0387,1,398.1004,1606.2195,26.5717,0.0,0.0384,5.6871,2,4,0,28
43.5605,368.8175,0.1273,7,249.4113,1722.1073,27.4918,15.9597,0.1087,12.5098,5,6,2,56
47.9056,217.2145,0.0795,6,355.1832,1454.8696,15.6818,12.7964,0.0,0.7282,3,4,0,55
41.2951,236.6776,0.0,0,268.8907,1438.6157,3.4325,3.5429,0.0691,13.0984,0,0,0,5
68.3618,192.0181,0.0344,5,381.8081,876.2842,5.7196,12.5923,0.0371,3.0567,3,6,0,40
43.6441,192.1613,0.0375,4,407.781,2442.5464,13.916,4.2546,0.1308,3.1903,4,5,0,8
67.582,96.1333,0.1078,7,386.0455,2472.6657,15.05,0.0,0.0805,6.2086,0,5,0,24
50.6957,211.3455,0.0398,8,408.0772,1730.3955,18.0846,13.5318,0.1122,2.4463,2,0,0,55
43.0522,241.6153,0.0353,3,375.4615,1602.2372,14.1316,3.9783,0.0,9.5019,0,0,0,5
33.6944,319.7048,0.0992,0,515.6965,619.5996,16.8673,0.0,0.0634,2.0768,0,0,0,20
54.7165,101.26,0.0748,0,465.286,1674.9091,6.0696,4.2264,0.0616,3.648,0,8,0,12
32.972,104.9267,0.0,2,480.9347,1020.9449,11.0831,3.7498,0.1447,10.0747,0,6,0,26
52.759,173.9938,0.1294,9,191.2889,1890.9448,28.7493,4.3805,0.1641,5.1767,4,5,1,0
55.3956,171.8442,0.0989,4,370.3856,2114.7778,13.011,0.0,0.062,6.5819,1,1,0,8
32.8205,167.2071,0.1253,5,291.3443,940.4259,20.8316,4.3159,0.1013,13.1235,4,3,0,49
25.2394,386.9306,0.2271,9,319.9483,2788.7843,23.4551,12.8157,0.1759,16.119,1,9,2,41
51.7405,294.6281,0.0742,0,256.4543,1775.9252,20.5103,1.7677,0.0461,8.3272,2,0,1,59
69.5992,162.5796,0.1748,5,402.1345,1714.0135,17.973,0.0,0.1361,0.9063,3,3,1,24
38.4496,358.2766,0.1251,12,147.3585,2709.3634,37.9344,9.4291,0.1531,19.8432,0,6,2,11
48.3431,283.8359,0.0596,5,148.9169,1180.9423,20.2934,7.8812,0.1202,6.42,0,6,1,23
57.664,271.393,0.1321,6,204.9615,2762.7965,19.6549,6.8757,0.2127,13.4159,3,4,2,15
54.3463,227.4834,0.2074,5,213.8314,1930.4653,31.4786,8.9333,0.1057,5.5586,4,7,1,56
30.6919,175.6748,0.0641,9,385.3937,1744.5786,34.1334,5.5154,0.1292,6.6311,1,7,1,17
35.5807,211.6749,0.0743,3,251.9136,1910.2112,19.6941,0.0,0.0678,9.456,3,4,1,28
46.6216,254.6885,0.0588,7,431.4257,1872.1072,13.3747,12.8019,0.007,2.4598,2,2,1,46
47.4131,244.1614,0.0668,7,108.9334,1324.1858,19.0236,14.1854,0.0452,2.4772,4,4,1,36
82.9033,126.3769,0.0141,0,446.6487,1598.5475,11.7447,0.0,0.0235,2.1499,0,3,1,24
35.1089,233.7333,0.1035,4,223.1924,1544.6406,30.0681,4.1691,0.107,6.1967,2,0,1,19
74.2339,237.1283,0.0259,2,388.7555,953.9836,18.5242,6.0617,0.0,6.4746,0,1,0,14
55.7891,310.9974,0.1705,8,320.2995,1834.5193,20.7386,0.0,0.0604,11.3551,4,2,2,24
26.8327,133.4862,0.0799,7,351.0802,2749.2481,19.2926,2.0061,0.0901,12.1282,1,5,2,39
41.0088,293.7293,0.112,12,123.0342,2295.2122,18.0242,7.8457,0.1444,16.6159,0,5,2,11
58.6264,362.5337,0.119,13,335.2794,1419.9802,21.1057,15.335,0.0852,12.2943,2,4,2,14
72.4177,214.7617,0.1143,3,411.3983,1849.1102,8.8224,0.0,0.1064,5.9314,0,3,0,13
30.8537,266.4531,0.1893,3,443.8565,3178.9588,21.982,16.1641,0.1574,15.542,1,2,1,51
48.8076,101.4732,0.0185,3,426.7745,1236.4991,22.4797,3.3103,0.0097,5.2698,0,0,0,52
41.4267,241.7417,0.0659,5,439.2486,1197.6522,22.5198,10.7029,0.0798,7.7387,1,6,1,50
19.6484,187.5164,0.1664,4,234.8168,1950.9204,31.1831,7.5204,0.1599,15.8869,1,5,2,22
30.2207,299.7141,0.2339,7,411.6637,3556.7328,27.4135,15.2375,0.2277,15.4476,5,7,2,51
48.356,194.5575,0.0494,0,307.8766,798.6719,27.6391,2.2987,0.0,0.5,2,4,0,9
44.0003,365.3868,0.098,7,235.9749,2685.2956,23.7947,12.8882,0.1427,12.802,2,3,2,44
43.9286,381.4649,0.2529,13,217.4274,2972.2266,20.6307,12.8642,0.1565,12.6721,4,7,2,6
25.4519,278.7514,0.0882,5,350.9775,1906.1508,15.5649,2.9716,0.1307,6.9423,0,7,1,7
44.3948,370.7364,0.0831,3,240.5706,2093.0927,16.5085,5.9381,0.0294,7.3466,0,4,1,32
35.6864,363.7422,0.1566,8,249.1252,1988.3822,25.629,13.0766,0.0454,13.2409,3,8,2,40
30.9219,344.3221,0.1265,9,226.4971,1725.6167,19.1743,5.0291,0.0264,7.7079,0,5,1,32
42.1514,390.77,0.2099,10,251.7406,1781.5905,38.7715,11.8089,0.1726,7.8984,2,10,2,1
51.6563,236.2992,0.0375,2,421.7778,1940.0645,20.1489,0.3945,0.0425,5.1513,1,7,0,13
54.1226,118.1323,0.1099,1,263.4137,1647.1791,10.9471,5.9732,0.0976,11.2894,2,8,1,12
13.6608,299.8325,0.1302,12,303.4403,3102.4647,18.9756,7.7207,0.228,11.3292,4,8,2,39
43.6599,251.8709,0.0692,3,296.0943,1808.8637,27.0011,1.2084,0.0981,7.6469,0,0,1,59
42.2845,215.945,0.0464,5,318.9653,1418.5191,35.9584,6.3438,0.0,9.9983,1,3,0,9
77.2242,86.3293,0.0678,2,268.9687,1891.6047,23.7867,3.5329,0.0929,3.0018,3,6,0,53
38.5164,263.175,0.0816,2,312.6074,1441.4804,13.0446,6.5111,0.0899,13.4073,0,1,1,5
35.2774,204.4464,0.0455,6,500.9924,1490.3936,12.7479,3.295,0.1108,2.7995,2,1,0,7
53.7649,265.5307,0.0661,5,276.3283,1385.9928,14.2395,7.4227,0.0461,8.8014,3,2,2,46
48.151,257.6609,0.0851,11,225.473,1823.1604,17.7017,2.7661,0.2014,4.6233,4,7,1,6
31.2452,180.1702,0.1284,6,265.4827,1625.8158,29.3261,6.1207,0.0369,5.4246,3,4,1,17
30.1096,346.1494,0.2378,11,37.5546,1958.3328,34.9903,15.9013,0.1779,18.1817,6,8,2,45
35.3497,334.4897,0.1381,9,144.6188,2877.0375,23.9638,10.0478,0.1826,13.4042,4,5,2,11
31.5015,273.0406,0.047,3,162.8088,3622.4516,30.1098,17.2326,0.1726,8.6257,2,7,1,37
50.2323,287.8077,0.1103,4,297.3556,1436.5524,15.2052,5.7726,0.1993,12.7979,0,4,1,44
52.151,105.0719,0.0316,1,421.8384,1424.5851,18.0254,4.0014,0.075,0.5,0,0,0,26
29.9754,246.3511,0.1381,5,201.7342,1593.8193,24.1992,7.9813,0.1017,7.7871,2,1,2,19
53.2561,223.3216,0.0031,0,284.3816,937.5483,12.3292,0.0,0.0494,0.5,1,1,0,35
44.5815,242.0873,0.0227,2,258.5703,2054.3445,15.1286,1.472,0.0317,6.0414,0,2,0,44
43.2172,274.5197,0.1663,8,446.9009,2719.9688,20.8173,11.0335,0.0965,8.7954,4,6,2,41
27.7271,431.2887,0.214,7,321.4282,685.7246,23.8637,6.3324,0.127,6.9506,0,6,1,20
50.3954,255.3828,0.1283,7,350.5037,2754.6159,29.5355,5.3552,0.1166,6.4924,4,5,1,8
43.0916,173.53,0.135,5,221.7918,1945.9937,10.1377,8.4609,0.1032,7.3647,2,10,1,12
40.003,363.442,0.1134,4,317.8166,2783.4996,21.007,6.3547,0.1582,0.5,3,3,0,29
68.9438,210.2127,0.0433,1,452.0142,1977.1526,11.1566,1.8917,0.0,5.5111,0,0,0,13
53.445,200.2586,0.1104,0,156.9288,2151.5115,5.9408,3.7142,0.0093,0.5,1,4,0,31
40.2416,347.9546,0.1384,5,320.5713,1476.0162,17.3141,8.0728,0.0949,14.7251,0,5,1,5
40.506,264.8225,0.1753,3,491.9817,3325.4503,27.6378,12.4187,0.1232,10.423,1,3,1,51
30.7199,419.4377,0.1528,7,278.2779,3159.7847,25.74,1.8685,0.1343,11.9338,3,5,2,8
85.4209,213.6714,0.0301,3,466.5294,756.2779,1.1336,2.4755,0.0,5.8282,0,2,0,14
54.9425,230.9534,0.1285,9,130.7203,1657.279,19.9303,9.3931,0.1358,14.1439,6,5,2,0
54.7392,247.2971,0.1003,6,201.7178,1623.1996,30.5457,3.7083,0.0249,9.4061,2,5,0,58
68.7814,163.0348,0.1322,8,179.2433,1759.6881,27.7061,12.6903,0.043,6.1233,2,5,1,36
59.889,313.3753,0.1328,8,358.185,2573.4919,18.4162,2.3229,0.1179,4.6921,1,0,1,6
67.4926,309.439,0.0326,5,520.6544,1540.5625,25.6855,7.7593,0.0,6.7531,4,0,0,57
78.8581,259.1363,0.009,0,416.2294,1081.8068,3.9357,5.0811,0.0173,1.5203,0,0,0,30
37.7286,207.8703,0.2232,7,461.8302,3040.9716,22.7429,7.4839,0.0746,16.358,0,3,1,51
48.0918,134.3736,0.0672,3,243.8014,1882.2055,23.0078,1.8519,0.0482,5.5842,2,0,0,52
79.5231,80.0,0.0,0,553.3001,312.1783,3.3947,0.0,0.0,0.5,0,0,0,35
37.5204,279.2278,0.1588,3,254.918,1652.0026,23.4674,6.9928,0.1326,15.0088,0,0,1,21
71.1388,295.4244,0.1023,6,269.4841,2163.5493,15.3266,6.613,0.1852,13.3853,2,6,2,4
62.7857,169.1113,0.0,0,335.2354,1256.6614,24.3555,0.0967,0.0095,6.6207,2,0,0,35
55.6792,294.8348,0.0811,4,304.1198,2287.3626,16.8533,0.0,0.0879,5.4462,1,0,0,59
52.6638,275.8311,0.13,5,249.0609,2113.5162,26.0669,2.5372,0.1486,11.7751,0,2,1,11
41.2938,278.5909,0.1572,11,177.1856,2512.9906,26.9769,16.8203,0.1588,7.7048,4,5,2,29
66.8635,261.1478,0.1458,8,213.6967,1151.1359,27.327,14.1342,0.126,10.0459,5,5,2,53
46.9264,170.2529,0.0627,4,250.811,1451.1953,10.743,7.2799,0.0394,9.1379,0,0,0,55
77.5936,354.052,0.0,6,524.4411,647.2087,9.721,3.9666,0.0412,8.5656,2,4,0,4
79.195,264.9974,0.1492,2,238.0287,2308.0425,29.0893,7.7153,0.1126,7.5659,3,6,1,24
78.3874,216.4729,0.0782,5,330.3518,1613.6419,20.4271,10.0099,0.0285,11.837,0,2,1,14
37.1414,302.6199,0.0949,3,257.4799,1918.3305,8.3147,3.9023,0.2373,9.8206,0,3,1,15
40.8898,445.1116,0.1742,7,225.1148,2443.9648,24.3338,13.377,0.174,14.3069,4,7,2,56
102.6681,80.0,0.0,0,493.1327,1050.7744,0.0,0.0,0.0,0.5,0,0,0,54
44.6608,294.2769,0.1843,5,292.8703,2344.1576,20.1499,9.9514,0.1544,1.2946,1,6,1,31
70.772,214.7184,0.111,4,254.864,1267.0479,23.0291,2.9409,0.0979,2.866,3,5,0,53
68.4057,222.1726,0.1634,2,330.8184,1313.9763,22.4065,4.5142,0.0502,6.247,2,4,2,48
73.3924,277.0281,0.1994,8,118.7922,1888.8081,30.9937,8.7175,0.1973,7.4004,2,11,2,53
47.2059,267.8513,0.0186,6,263.7233,629.8334,28.8035,9.7333,0.0344,6.5254,4,8,1,35
59.1655,257.1847,0.0,3,304.0405,1620.0006,12.6648,1.4578,0.0259,1.0351,2,3,0,8
29.8812,207.8066,0.0,6,377.6911,793.5423,17.5039,6.7065,0.0119,3.5689,0,2,0,34
29.4735,228.1086,0.0753,6,357.5769,1699.8662,28.4473,7.8774,0.0475,9.5494,3,3,1,22
26.7866,235.1988,0.0578,13,289.966,2177.4187,25.2637,5.2265,0.1554,11.6671,1,7,2,39
30.619,350.6778,0.1218,9,285.3328,1594.3057,27.9742,6.2445,0.0638,15.3146,0,4,1,5
28.4829,199.9619,0.008,5,421.4053,2072.3094,21.112,6.3589,0.0972,9.8556,0,3,0,39
42.8126,258.5241,0.0842,1,349.7589,1064.7658,8.8832,2.6889,0.0,4.214,0,3,0,20
76.3406,286.2775,0.0448,3,437.5862,1708.2825,16.52,0.8457,0.0395,5.4241,0,3,0,57
73.7784,161.0806,0.0914,8,365.8462,2207.2259,11.1589,1.063,0.088,3.8696,0,5,1,24
47.3474,207.1679,0.191,4,107.5259,1606.6706,29.5639,10.4099,0.156,12.2943,6,5,2,52
8.5889,391.4668,0.1741,10,286.9804,826.1686,20.3227,7.5293,0.183,8.7948,1,5,2,20
48.4154,227.1946,0.0201,4,388.4041,1034.5536,18.108,0.6422,0.0434,2.0658,0,4,0,35
26.6437,380.3506,0.126,11,291.6175,1653.9364,18.5141,14.2374,0.211,10.9506,3,7,2,10
69.8083,224.8912,0.0572,8,174.1141,1465.8546,21.401,12.634,0.148,6.2486,3,2,1,47
45.9505,214.9281,0.077,2,410.1356,1267.2474,23.2718,6.7732,0.0848,9.2223,3,6,1,35
13.8008,325.487,0.2712,9,317.7168,3991.8178,33.4173,19.5326,0.251,14.0878,5,11,2,51
31.542,366.7967,0.1512,10,204.943,1665.4252,14.8942,14.8145,0.0834,0.7643,3,1,1,31
37.2487,129.9388,0.122,1,355.2293,1076.6124,15.0136,3.1404,0.1241,6.0087,0,0,0,7
41.1585,183.6164,0.0684,6,320.6511,2167.8837,31.4493,15.3555,0.074,5.9939,3,1,2,50
36.087,176.6942,0.0507,8,204.3235,2003.9289,34.5737,9.859,0.1892,11.1681,2,10,2,52
27.3797,279.4307,0.0973,5,288.979,1860.1805,32.2261,13.0909,0.1496,16.9294,1,5,2,5
16.2149,316.7215,0.1592,14,147.1267,2837.5498,20.5539,10.604,0.212,13.2331,4,11,2,16
44.5169,80.0,0.044,2,422.4084,1462.922,27.9765,8.2468,0.0183,7.9682,1,1,0,22
49.0506,278.9105,0.1355,7,250.2747,2119.5066,18.4146,6.9222,0.0126,13.1056,5,8,2,46
77.0345,189.0255,0.0436,4,457.4201,1065.6129,10.7939,0.0,0.0555,0.5,0,2,0,42
40.9974,324.1888,0.2512,12,225.5798,2144.4186,35.2649,3.5195,0.1352,10.2904,3,13,2,42
34.9997,239.4384,0.1334,5,309.1962,2107.5218,20.3217,3.5458,0.1277,10.5753,3,8,1,13
32.9859,337.3209,0.0484,5,336.1203,1803.7741,25.4237,7.935,0.0256,14.7016,0,2,0,5
40.8459,269.8009,0.0813,14,131.4229,2682.9974,40.9406,13.1859,0.2342,16.1822,4,12,2,47
29.0843,463.821,0.2412,15,10.0,2927.2517,33.0666,20.212,0.2822,18.5974,6,13,2,29
31.3088,342.1178,0.123,10,360.6824,3294.3948,19.1305,9.6101,0.1332,10.6758,2,7,2,37
48.394,184.3063,0.0716,2,154.4028,1985.9521,25.7023,5.7444,0.0758,7.6275,0,3,1,52
66.2334,235.9733,0.0715,0,373.6715,2130.0979,7.3036,5.3439,0.076,3.2053,2,0,0,46
49.0772,119.4842,0.0581,4,517.3816,1297.0023,28.1248,9.4748,0.0237,3.1443,4,4,1,50
52.8355,385.4637,0.1899,9,261.8698,1883.2099,17.2499,9.7967,0.1611,14.5092,4,8,2,58
26.5855,406.8456,0.1846,11,173.0924,1852.5503,26.5922,6.5322,0.1508,10.7989,0,4,2,20
34.6319,356.4576,0.1568,13,238.8496,2375.1551,27.6132,16.2644,0.1393,16.5946,6,8,2,46
23.9355,316.3687,0.0884,5,237.9922,1095.218,17.447,11.1614,0.1453,7.5266,2,4,0,38
36.1901,237.3004,0.1447,4,285.5706,1813.7701,14.1346,14.3951,0.2055,6.8164,5,9,2,12
57.9931,194.533,0.0792,2,249.9991,1597.9574,16.2162,9.2137,0.0847,9.0138,2,0,1,44
68.9285,208.93,0.0978,5,238.0969,1276.3325,13.6972,13.6114,0.0139,4.9782,3,4,0,36
54.0643,210.833,0.0449,6,166.4576,1791.9127,18.6895,10.0188,0.0246,5.9133,2,2,1,0
34.8045,385.1185,0.1019,7,204.6657,2262.7699,23.7229,6.6559,0.0287,9.5033,4,4,2,59
48.3707,205.1442,0.1501,0,328.1126,1835.9197,24.1395,0.0,0.0,0.9227,4,0,0,59
51.0912,291.1462,0.2101,2,155.6731,1771.4319,24.5961,7.7773,0.141,11.3297,0,3,1,21
23.0465,409.2424,0.2917,17,10.0,2361.0405,41.2334,26.7411,0.3169,18.1712,6,16,2,3
20.1456,236.0842,0.0687,12,267.6009,2775.9175,38.0249,4.4733,0.1529,13.2342,1,6,2,39
32.3419,251.797,0.1314,7,335.6248,1948.6686,35.7479,8.7186,0.0755,12.0293,5,3,1,50
64.2475,129.8404,0.0609,0,375.2041,618.0796,21.324,0.2689,0.0,4.7587,0,0,0,48
66.4868,105.7708,0.0034,6,389.5941,1296.09,17.6204,9.027,0.146,6.8105,2,2,1,47
61.4073,345.7972,0.0976,5,206.0858,1490.7788,9.8305,0.8856,0.071,0.5,1,5,0,6
59.3672,156.7658,0.0888,8,152.9851,1535.9622,21.3471,8.5275,0.0459,5.7489,2,2,1,0
59.5884,304.6096,0.0765,7,422.6246,1511.977,20.5426,13.307,0.0688,3.4248,3,0,0,40
95.2399,245.202,0.0,0,489.0641,1319.6124,13.2001,4.9181,0.0,3.3349,0,4,0,4
86.354,120.5475,0.0541,0,497.5229,394.1768,1.6588,0.0,0.0,0.5,0,0,0,48
37.9131,259.1888,0.1662,6,248.3633,1819.6825,23.9676,7.1429,0.0794,7.6913,5,7,1,56
41.7474,183.6002,0.0439,0,446.2188,2040.1978,21.6487,8.9481,0.0763,7.2989,2,6,1,37
44.1958,289.3089,0.145,7,210.7027,2901.3486,25.7474,5.8942,0.1016,13.2537,5,7,1,8
84.574,125.2406,0.0037,3,357.9071,895.0299,6.782,3.5327,0.0416,4.5515,0,0,0,54
58.0825,268.4811,0.0991,3,222.3677,344.9887,13.3335,11.0488,0.1182,0.5,0,6,0,3
50.3637,210.6984,0.1691,6,232.4652,2498.8101,16.2391,9.636,0.2374,7.5495,4,7,2,12
40.326,343.217,0.2258,8,288.185,1766.3482,20.2817,8.5434,0.1429,6.8455,3,4,2,10
43.5866,387.9288,0.0647,7,103.1197,1899.8775,28.8367,9.1992,0.1557,13.6674,0,2,1,11
36.2304,311.8583,0.1005,10,281.5707,3377.1492,23.485,7.2864,0.169,9.8544,2,6,2,6
48.0302,306.6003,0.1297,8,252.0443,2623.6561,23.8981,4.5051,0.1217,10.1738,3,6,2,6
49.4655,273.9335,0.1008,11,329.0616,1530.4822,23.5306,5.2602,0.0742,16.498,3,8,2,45
89.5804,122.2671,0.015,0,326.6557,691.3334,21.5893,7.5583,0.0,1.8979,3,1,0,36
38.1846,185.3557,0.1904,5,235.9803,1430.5706,27.3701,5.9873,0.0945,12.7521,1,4,1,17
54.0121,312.3848,0.117,6,201.8064,1903.0983,23.8571,7.6665,0.2111,12.2364,2,6,1,13
71.9213,94.6623,0.0,0,428.8986,1322.2147,9.5297,0.6111,0.017,0.5,1,0,0,47
73.8303,184.4532,0.0,6,332.0981,1237.5807,17.4026,6.9095,0.1125,1.9016,3,5,1,47
22.9249,167.7415,0.1016,8,209.0406,2406.7453,18.8002,10.4844,0.1558,14.3116,3,5,1,26
43.427,324.7069,0.11,8,312.8874,2128.6057,15.1663,5.2045,0.0079,9.2705,3,4,2,10
55.7036,299.4269,0.144,10,149.6261,2319.9209,26.3654,8.5022,0.1354,15.7274,4,4,2,27
29.7915,411.6243,0.1699,9,287.0449,874.231,21.4025,6.9451,0.0958,5.9539,0,1,1,20
41.0273,367.647,0.0891,9,278.553,1935.0088,30.2046,10.7443,0.0673,14.4365,4,10,2,45
48.0846,331.4858,0.0372,1,362.83,2392.2485,20.4882,0.0,0.0867,6.2238,3,4,1,59
55.6785,168.0217,0.0959,3,193.2543,1124.8313,26.5341,4.3063,0.094,11.1218,3,3,1,52
54.7316,246.4318,0.0871,5,313.2451,1851.6326,14.8403,9.6402,0.1758,10.2453,3,7,1,12
54.9569,346.4677,0.2097,6,282.3512,1636.7453,28.9416,6.9392,0.1542,10.7948,2,7,1,16
6.2261,352.9444,0.2455,12,56.1501,3170.2297,34.6781,15.428,0.157,27.0014,4,12,2,5
61.3207,366.3527,0.0492,11,282.0364,2315.3085,35.3025,13.1148,0.0948,15.3024,2,7,2,4
46.4768,218.7937,0.1646,6,147.2156,2658.6285,26.2791,10.9642,0.0789,8.9514,4,8,2,56
96.3446,80.0,0.0,0,448.6323,639.9647,8.7975,0.0,0.0,1.3226,0,0,0,54
19.8613,545.7587,0.105,9,112.4573,1920.0215,22.5517,13.9456,0.157,16.4271,5,5,2,38
28.3443,221.9425,0.2153,4,322.2835,1930.7085,30.7044,6.8237,0.1146,13.0939,4,9,2,22
41.306,152.6465,0.0,0,260.5837,535.5182,26.5555,6.3629,0.0,7.8342,1,1,0,9
19.7723,379.1713,0.2415,11,129.6315,2369.3489,13.1286,15.6106,0.1585,10.3521,3,7,2,10
43.2029,238.3174,0.1548,2,378.8592,2592.2933,11.1468,10.4696,0.1104,8.9128,0,0,1,51
70.3896,158.6611,0.0218,5,255.3823,1591.4692,25.8428,6.8479,0.1166,4.0496,0,2,1,47
61.793,226.1306,0.0,1,327.6528,2553.2167,21.9852,0.0,0.0586,6.099,1,5,0,8
42.9698,213.9553,0.0126,6,315.2185,2217.5161,21.6428,0.3762,0.0719,1.1511,3,5,1,8
60.0659,269.131,0.1031,2,482.515,1552.1314,13.6108,5.582,0.0191,10.1663,2,1,1,57
44.7472,333.1605,0.0585,7,218.7843,1538.6322,17.6322,7.8203,0.1578,6.8741,3,0,0,18
54.024,80.0,0.0016,0,347.2389,1590.0194,9.5896,3.8959,0.0,0.5,0,0,0,52
42.5908,321.4544,0.1226,8,304.9773,1933.6937,31.1381,8.175,0.0994,15.7639,2,4,2,1
30.5162,369.2454,0.1808,10,166.6276,2830.1498,29.8402,10.3616,0.1884,14.4342,3,9,2,8
41.4528,441.9345,0.0916,7,159.386,2763.0735,26.3606,8.7816,0.2704,10.2571,2,1,2,15
34.898,216.7744,0.0483,1,291.6558,2096.8993,7.3305,6.1746,0.0791,7.7799,1,4,0,32
48.01,261.0331,0.1212,5,308.8009,1808.4547,23.3625,0.0,0.1349,8.9531,1,6,1,8
33.3991,455.4723,0.0935,8,256.5874,2448.1212,21.1715,9.1582,0.1509,11.2079,4,3,2,59
45.4739,329.8514,0.1443,7,139.211,1595.1621,16.48,12.8367,0.1132,4.9953,2,1,1,21
36.836,118.6135,0.0835,1,412.5624,1521.9636,10.8654,0.0,0.0821,5.788,1,3,0,7
65.5013,222.9795,0.0219,2,288.3931,1336.2878,17.9523,7.2132,0.0154,3.5496,0,3,0,35
29.3538,300.3527,0.1601,11,16.7059,2198.8121,34.0826,13.4644,0.0911,11.8984,5,4,2,0
36.6679,184.385,0.0168,0,457.0314,1922.1775,8.9416,6.8765,0.0,1.8782,1,0,0,41
21.8077,382.0823,0.226,10,132.3407,2433.2646,21.0906,13.5158,0.2059,9.6819,4,8,2,10
80.0269,109.0796,0.0603,1,394.7136,1908.1764,5.2484,8.0748,0.0268,7.0093,0,3,0,54
38.4376,338.3241,0.1684,8,188.3203,1742.6265,40.5101,9.2143,0.0775,9.45,2,8,2,1
67.7161,184.9784,0.0291,0,449.8559,1505.1892,15.7489,10.2952,0.0,6.4227,1,0,0,58
47.5584,92.5748,0.0263,0,540.3303,2052.3161,16.0773,2.3932,0.0,0.5,0,0,0,41
46.8927,347.5302,0.1447,10,95.1291,2538.9078,23.3679,13.8815,0.1336,10.7402,2,2,2,54
50.964,248.1929,0.1057,5,485.8191,1558.3118,36.6169,6.4702,0.0263,3.0032,4,6,0,50
55.1262,352.1147,0.2579,7,58.8881,2065.488,32.2962,6.2799,0.1785,14.2266,3,6,2,27
61.107,181.5725,0.0,11,264.7363,1653.8709,17.9541,8.4232,0.109,4.5806,0,0,1,33
34.6129,203.2974,0.0726,3,309.4497,821.6102,9.8522,2.3167,0.0085,0.5,2,2,0,34
63.6392,300.2874,0.1773,7,95.178,2419.3521,33.774,19.8952,0.1598,16.9415,3,2,2,54
70.9125,184.1354,0.0985,0,315.7248,1571.4057,15.0647,4.0982,0.1142,8.4709,0,0,0,27
73.4475,221.8531,0.0828,4,423.4908,1450.8808,23.5291,2.1912,0.0597,5.8589,0,0,0,43
73.3181,308.9982,0.1076,3,428.4127,1077.2125,21.3439,18.9943,0.0042,4.9542,4,2,1,30
64.9376,211.3853,0.0863,9,285.206,3096.5875,17.7498,0.6478,0.1466,6.2969,1,9,2,24
26.3359,264.6899,0.054,6,111.382,2460.9206,19.325,17.1632,0.0581,1.9351,5,10,1,55
25.2272,533.6775,0.1921,14,216.1157,2799.0326,27.673,14.0407,0.2039,10.7103,6,12,2,25
73.6215,151.0954,0.129,3,215.3826,1413.3471,25.0745,8.7156,0.1281,5.8802,0,5,1,53
26.2868,378.7007,0.0821,5,241.7545,1414.4927,12.6857,6.7899,0.0336,9.0378,0,1,1,20
52.8341,182.0141,0.1142,0,386.5595,1508.5064,9.0574,0.0,0.0955,5.8103,1,1,0,44
37.7795,308.5796,0.0322,5,395.677,1786.267,17.6351,12.2025,0.1184,5.8473,2,2,1,2
75.2214,97.4747,0.0871,2,345.3649,1474.1593,11.7229,10.5361,0.0,0.9725,0,1,1,54
31.0446,224.874,0.1732,6,223.738,2121.4592,12.7857,12.7738,0.0833,11.132,3,8,0,16
77.6942,244.8978,0.0,5,470.5103,1644.7605,5.3902,13.5692,0.0,5.9706,1,3,1,14
29.3985,241.2771,0.1048,3,300.6331,890.361,19.6157,0.0,0.0154,2.0856,1,0,0,19
46.0718,236.0881,0.0932,1,463.205,1565.8775,5.0994,0.0,0.0,7.5598,0,4,0,13
51.3806,337.5142,0.1475,7,276.9229,2784.0731,21.0616,2.5003,0.1307,10.185,4,11,2,24
64.0882,280.1979,0.1533,5,307.3479,1969.8734,10.2844,7.4545,0.1232,2.0661,4,0,0,31
63.2265,227.9196,0.098,8,203.2624,2415.0269,27.3375,16.8084,0.1167,11.0883,4,8,2,54
8.1151,468.1318,0.2684,17,92.5876,3024.7089,36.9474,17.5501,0.2565,29.6242,7,12,2,5
37.7121,310.1396,0.126,2,372.3972,1926.8614,8.8847,2.5899,0.1286,10.1765,3,5,1,49
23.5602,214.6005,0.0951,7,243.6339,1860.3839,24.7801,6.0653,0.1365,13.1592,2,6,2,39
27.2039,326.2312,0.1158,3,283.2797,1329.6229,24.0811,8.1041,0.1593,17.0599,0,0,1,5
38.5939,132.6188,0.1932,7,324.1287,1335.8911,16.551,10.2294,0.1667,6.5251,2,6,1,12
71.8807,359.7471,0.0578,3,220.8633,1777.1992,8.6457,6.4565,0.1029,14.884,1,6,1,4
11.3547,161.1027,0.1195,7,263.1604,2683.4333,18.5296,1.4382,0.2032,10.0297,2,11,2,39
62.7751,272.2324,0.1202,4,310.1116,1458.6894,23.599,9.0593,0.0989,8.7943,4,2,1,58
94.0943,80.0,0.0,3,275.8598,1409.9646,4.853,11.0744,0.0897,6.4678,3,0,0,54
63.3707,296.2137,0.1168,7,287.5983,1537.7552,14.8256,14.5757,0.0412,11.4045,5,2,1,58
26.1904,394.5772,0.1294,10,337.5942,1576.1047,41.9257,16.2741,0.1715,12.9072,7,9,2,2
35.9597,359.1659,0.1424,4,214.7448,2274.8333,18.1311,3.6533,0.0551,6.6145,1,8,1,32
8.6491,320.512,0.1799,8,148.8754,727.4236,31.3103,7.8533,0.1556,10.4001,0,5,2,20
42.1136,328.0881,0.1526,16,178.8571,2596.8504,22.4836,12.749,0.1629,7.3734,4,6,2,31
45.4411,208.8345,0.1661,4,317.103,2015.5625,18.0227,10.814,0.0903,5.8806,2,5,1,41
83.1219,147.5767,0.0504,2,314.2622,1660.6642,13.9017,9.3881,0.0583,3.2875,1,0,1,54
24.9807,193.5234,0.0038,0,392.1441,1055.7121,10.4235,0.0,0.0,5.1302,1,2,0,34
83.3551,125.7321,0.0222,4,323.5526,1647.9209,8.1289,3.4094,0.0359,4.834,2,1,1,54
31.7604,324.6042,0.1944,8,338.8071,1742.2058,27.3838,15.8508,0.0813,5.8902,4,4,2,1
27.1057,345.9163,0.1149,7,155.1411,2143.9913,34.1155,12.4498,0.1891,11.486,5,13,2,35
22.985,289.2708,0.157,0,227.4515,1417.4682,27.7205,0.9051,0.13,6.0801,1,0,1,19
54.2319,193.7323,0.1234,13,172.2313,2006.3828,29.1083,12.9004,0.2038,14.0978,3,9,2,47
55.7596,313.5554,0.0355,3,198.1661,2165.3542,16.8448,2.318,0.1546,8.0235,0,0,0,11
52.4311,182.1895,0.0245,1,344.3764,1889.2978,12.3303,4.0142,0.0238,12.4618,0,0,0,5
23.0914,249.0531,0.1538,10,172.9969,3153.3935,20.7416,4.8895,0.2504,12.7612,0,7,2,39
79.3627,237.1254,0.0,0,457.8797,1153.3685,3.0337,2.6158,0.0,2.6512,0,0,0,40
69.1047,327.9363,0.0574,4,395.7662,1806.4823,19.8948,8.7436,0.0338,12.54,1,1,1,14
70.4425,247.0665,0.0881,4,267.4097,1311.0368,16.5974,6.2793,0.0255,8.9021,2,1,1,58
14.1962,215.358,0.1026,9,112.8917,2722.1898,34.9218,9.563,0.1642,12.2881,3,9,2,52
43.2693,292.9621,0.0547,2,317.3027,2508.9375,17.8128,0.0,0.0977,1.5015,2,4,2,59
42.6826,192.9662,0.1096,9,235.7592,1351.9612,22.0579,0.1892,0.0525,3.3998,2,4,1,17
35.435,212.5701,0.1072,8,483.925,1873.9194,28.3251,1.5617,0.0653,6.3535,1,10,1,28
39.9909,233.4681,0.1346,5,315.9591,2474.4634,24.2298,0.0,0.1376,7.6562,1,10,1,8
65.2286,224.0861,0.1021,6,345.3991,1893.3735,24.21,5.8195,0.1013,10.4513,5,7,2,57
37.2654,450.2586,0.0758,6,259.9127,2581.2074,20.192,13.3219,0.0928,7.2421,4,12,2,25
49.5297,113.2466,0.1375,0,188.8826,1663.0172,10.8479,5.7004,0.1744,0.5,4,9,0,12
50.8001,236.7204,0.0733,7,415.6851,1623.6411,18.9548,5.6639,0.0155,11.0805,3,0,1,57
41.3128,242.0659,0.0228,2,405.9285,1583.692,21.1857,6.6083,0.0654,4.4548,0,6,0,35
14.7802,446.1595,0.2016,11,265.1681,2528.86,34.1443,20.1529,0.2381,14.8801,5,11,2,49
18.8143,467.6022,0.1218,6,160.9455,1090.346,21.9855,12.8382,0.1769,12.8438,3,3,2,38
61.0827,346.6053,0.0856,3,294.842,1369.4463,20.2752,4.3065,0.1308,10.3727,2,0,1,23
53.7545,378.9409,0.1308,10,278.4037,2608.7105,20.9109,7.3267,0.0689,8.5723,2,4,1,1
24.1241,378.0227,0.1147,14,170.1342,1660.8044,30.5985,18.0024,0.2142,15.6191,6,5,2,55
55.9222,190.2177,0.1273,7,103.1156,1611.1953,25.6878,8.8933,0.1589,9.7787,2,6,1,0
49.6735,345.3034,0.1773,10,97.6786,1875.7138,31.9733,15.7442,0.1678,11.7276,3,7,2,3
21.1103,388.5693,0.19,5,224.4656,2677.5009,20.734,6.2893,0.1643,13.1825,0,5,2,15
44.8412,345.3136,0.1941,4,237.5588,1847.8354,19.227,15.1498,0.2066,4.9779,5,4,1,29
74.3443,234.8929,0.0821,3,362.074,2304.6524,7.1533,1.1451,0.0044,0.5,0,0,0,6
36.4214,305.0828,0.1059,7,427.818,2346.5605,19.7624,6.7763,0.139,1.5165,4,4,1,8
46.1102,462.9774,0.0493,4,206.0299,1945.8635,26.3407,14.4793,0.051,7.278,3,3,2,30
32.4567,317.3656,0.1211,11,189.1921,3888.7891,31.1848,5.7608,0.2199,14.3316,5,11,2,8
29.8069,348.0069,0.1255,10,225.5198,1612.2199,21.3774,4.6331,0.0928,9.8349,3,4,1,49
33.3945,365.0108,0.1268,2,161.9999,1584.3904,24.3697,5.7494,0.1633,9.9962,2,6,1,18
53.6297,185.3609,0.0,0,547.7377,1563.5038,24.7341,0.0,0.1008,0.5,0,0,0,44
37.6277,164.5566,0.0831,7,419.0431,1549.3106,25.0096,9.6583,0.0471,11.4675,2,3,2,22
18.7965,529.8781,0.1795,10,133.6131,2116.7368,32.2711,11.3476,0.2084,12.8678,0,10,2,20
37.6161,192.8267,0.0819,4,361.7263,1282.7291,22.6358,0.0,0.0845,3.2509,2,0,0,17
32.9796,305.42,0.0589,7,285.5419,869.1291,19.8925,16.6476,0.0914,5.8944,5,5,0,55
17.7855,437.3745,0.1773,10,95.0127,1355.3782,32.3607,6.9807,0.1417,12.2031,5,10,2,20
48.983,154.0482,0.0581,0,351.4013,1046.523,15.4961,2.8028,0.0,4.7005,0,0,0,5
61.307,239.165,0.0967,7,347.6141,1053.9858,16.4813,8.5484,0.0,9.369,1,2,1,58
54.0381,262.9151,0.1554,5,286.0661,1713.6063,30.0533,7.5071,0.0753,6.1529,3,1,1,29
28.2168,279.4541,0.033,6,59.619,889.9552,16.3567,7.3076,0.031,6.5174,0,4,1,38
50.8616,195.2369,0.1262,0,500.9363,2561.3047,10.3065,4.6069,0.0258,5.775,0,0,0,51
70.8299,192.6027,0.0813,1,207.7693,1300.0481,21.8858,13.3282,0.1282,0.9544,0,5,0,3
50.9594,257.1241,0.1996,8,237.8418,2278.2527,21.0406,10.3331,0.2609,11.8028,6,13,2,12
14.3699,281.8004,0.1958,11,144.2716,2871.9008,31.8255,4.28,0.1976,10.5596,2,8,2,39
48.425,134.3183,0.0235,0,412.2948,2066.8944,6.3598,7.0915,0.0,1.5306,0,0,0,37
70.3438,234.5709,0.084,6,325.1199,775.434,19.342,0.0,0.0683,0.5,0,0,0,42
37.1222,220.2763,0.0734,0,421.6687,1629.838,30.9951,6.981,0.0267,4.1955,0,4,0,50
75.5627,181.1049,0.033,0,417.9233,786.4827,18.315,0.0,0.0,0.5,0,0,0,48
40.2602,215.0662,0.0338,3,294.9419,2891.8059,17.9446,7.9936,0.0727,0.5,5,0,0,31
55.2566,373.4267,0.0763,8,162.7687,2285.7752,25.009,8.4592,0.1866,16.0412,6,9,2,45
33.1011,309.8524,0.2063,12,115.8329,2031.9763,17.9018,8.5951,0.1745,10.146,1,7,2,16
62.4238,324.7355,0.092,3,308.9095,1683.6129,21.7581,11.4254,0.1251,10.6458,2,2,1,30
53.6378,410.9285,0.1965,8,280.8391,1807.4563,22.302,13.0808,0.1552,14.3146,3,7,2,30
49.9207,197.2779,0.0542,2,452.6609,1887.5858,29.4081,0.0,0.0308,3.1867,3,5,1,28
30.2919,353.3776,0.0626,14,289.526,1441.8508,19.8185,7.2277,0.1078,4.6109,2,6,2,33
60.433,205.4127,0.0169,0,548.0009,811.0192,13.3959,2.7678,0.0,1.7897,0,0,0,48
67.9875,146.1974,0.0,0,576.2545,1714.3107,0.0539,0.0,0.084,4.6453,0,0,0,15
39.6378,383.6698,0.0896,5,494.1215,1896.8468,13.7766,3.3426,0.1253,5.5248,2,3,1,25
40.7164,228.1646,0.0,5,334.4499,1570.3685,20.1368,9.9041,0.0636,7.6962,2,4,0,35
23.6848,302.5517,0.2148,9,328.4516,2802.3865,26.4471,16.2926,0.2073,10.0982,3,7,2,41
48.2141,108.6045,0.0921,3,395.7962,1837.1771,27.7595,11.8264,0.0383,7.2232,2,8,1,22
33.0839,272.6997,0.1003,1,327.8322,1534.699,15.9221,0.0,0.0,3.0377,2,0,0,59
68.7128,173.1926,0.034,1,364.3145,1558.2463,16.0567,6.0264,0.0,0.5,0,0,0,29
52.0226,270.3793,0.2467,7,171.3886,2138.1446,41.0412,10.0675,0.1571,13.0141,2,6,1,42
51.8967,193.1043,0.0877,1,359.3972,1521.3662,11.0041,0.0,0.0094,7.6848,1,0,0,13
51.2623,282.374,0.0234,3,216.6849,1990.0095,12.2732,6.1016,0.0908,7.1524,0,0,0,18
50.38,305.2016,0.0993,2,535.0222,2426.6012,4.9212,9.6095,0.071,4.4691,3,0,1,41
55.4526,172.7954,0.1459,6,149.9222,2048.4613,26.355,7.2655,0.1256,6.4985,2,3,0,27
82.4314,152.0895,0.0,0,548.7101,808.4681,12.7912,1.3508,0.0,0.5,0,0,0,47
47.608,296.0933,0.0,10,291.8733,1708.709,21.9819,13.081,0.0956,2.6621,5,5,1,33
46.5563,209.9754,0.0995,2,374.2878,894.694,26.6531,0.8211,0.0,2.6931,0,0,0,9
58.6384,173.49,0.0245,1,230.2308,1602.4122,21.4815,5.7926,0.0,5.69,5,8,0,36
35.181,287.4109,0.0374,3,283.9521,2086.3141,33.3722,5.0017,0.0924,5.4668,1,2,1,59
39.7787,314.0782,0.0587,6,301.7387,2120.6725,18.4874,6.4799,0.0,6.336,1,3,0,32
35.3009,382.6558,0.1739,13,275.6925,3314.8208,31.8922,17.9052,0.1927,22.8532,6,12,2,58
38.9655,261.18,0.1332,7,369.7993,2476.2371,22.5931,12.7359,0.0799,3.1514,1,8,1,41
36.489,305.2329,0.1868,5,399.9836,3386.1379,24.5609,15.6678,0.2366,9.0596,3,4,2,51
56.2664,283.0169,0.092,6,327.166,988.7235,13.1005,7.7122,0.0601,13.3282,4,1,1,45
54.2889,221.0452,0.0876,4,217.6126,2211.6041,17.1685,8.8904,0.1286,10.4196,0,4,1,44
55.5303,432.0739,0.0863,6,397.8252,1564.8019,24.651,12.677,0.1978,10.9301,1,7,2,30
41.7896,308.1738,0.196,11,96.4272,2355.6023,38.1891,15.2316,0.2603,9.9147,5,12,2,47
47.2735,373.7346,0.2041,12,188.4028,2518.7762,22.717,14.1682,0.1227,17.9188,5,11,2,58
44.6048,345.9647,0.0615,6,191.6171,2051.662,8.4772,4.0015,0.211,8.1729,1,3,1,15
23.0946,319.3889,0.2033,13,209.4192,2411.4288,42.1124,14.5444,0.208,19.7999,6,10,2,22
70.0686,225.8265,0.1333,4,396.5767,2416.765,11.3926,2.2044,0.1095,5.8313,0,6,1,24
86.747,178.6083,0.1202,4,266.2767,2135.7968,15.1904,8.2819,0.1049,8.4713,0,2,1,54
38.151,289.3044,0.1375,8,289.6587,1261.2414,26.5242,8.9253,0.0131,3.7334,5,1,1,9
27.5364,258.6206,0.1617,9,131.6692,2020.9211,30.1805,12.7115,0.2045,11.9516,1,7,1,16
58.3268,382.1383,0.0733,1,294.5766,1321.9357,18.4549,2.8111,0.0799,6.1049,0,2,0,23
42.8424,303.2679,0.1028,9,150.9922,2704.7912,23.4365,7.77,0.264,16.5475,5,9,2,24
47.9282,291.544,0.1368,4,323.0878,1361.3344,20.5754,5.464,0.0424,11.24,0,2,1,21
52.047,272.5077,0.0426,0,478.4769,1784.5245,7.6976,0.0,0.0597,4.534,0,0,0,15
37.6264,214.1593,0.1751,9,22.5792,2053.1753,21.3839,13.3465,0.3355,11.6168,6,15,2,12
59.9847,243.5902,0.0499,3,284.8903,1557.9427,13.1792,9.7588,0.065,1.9582,2,0,1,29
33.0129,335.2805,0.1317,9,144.6491,1649.0164,33.375,7.5149,0.1773,14.4059,5,3,2,19
53.8171,260.92,0.0394,1,295.5312,1860.0418,20.0841,4.1286,0.0265,7.9439,0,0,0,21
49.3513,264.2339,0.1609,5,261.8416,1922.5567,6.1271,5.0326,0.0254,0.5,1,0,0,31
46.039,271.5739,0.2148,15,106.0461,2629.3442,32.5069,14.7189,0.2087,12.0298,5,9,2,54
32.371,408.7357,0.1251,4,170.8429,2289.3705,25.1984,7.3503,0.0602,10.523,2,5,2,32
36.0379,324.7406,0.1642,10,262.3061,2442.1709,24.1639,15.7439,0.2085,14.74,4,6,2,44
72.807,80.0,0.0416,0,477.5619,1183.164,13.9601,2.1412,0.0552,0.5,0,0,0,44
42.8803,236.9234,0.0549,3,264.769,1287.0346,19.7506,5.1625,0.0676,4.7388,0,2,0,34
31.2781,433.2952,0.2851,18,10.0,4220.3334,39.6401,17.8921,0.2822,15.9015,9,13,2,6
52.8578,221.9028,0.1526,1,259.544,1801.128,24.4573,8.5842,0.1018,5.8584,4,4,1,56
20.0553,398.4554,0.1224,8,75.9967,2839.117,28.7733,6.5028,0.2233,13.6347,6,10,2,59
69.4981,352.3348,0.1596,7,274.3329,1516.1459,14.1455,9.3679,0.0067,7.2039,0,4,1,14
27.5889,460.7224,0.1986,11,193.4007,2153.0377,35.5337,9.5937,0.1025,14.5337,4,9,2,1
46.5432,289.2851,0.1513,4,266.2236,2541.517,33.4537,12.7376,0.0968,13.0501,0,7,2,58
55.6305,131.2549,0.0,1,467.6689,937.3815,10.3056,1.6186,0.0,8.2782,0,0,2,5
50.4008,164.0138,0.1011,1,399.1108,1307.5394,24.7756,4.8313,0.0375,4.3132,0,1,0,50
28.9543,208.7951,0.0885,8,321.5621,2373.4745,14.6515,3.0976,0.153,12.4658,2,7,1,26
52.8948,294.8089,0.1376,7,24.2306,1858.9548,33.1358,20.0428,0.21,7.3704,1,8,2,3
25.3608,360.6163,0.2205,14,103.6031,2702.2872,10.7537,10.9658,0.1138,12.1012,6,7,2,6
5.0,354.7489,0.2448,11,292.6167,3501.5054,24.724,23.7747,0.1262,15.5497,5,9,2,41
53.3754,226.7154,0.1226,3,373.433,2161.2993,22.0494,6.7174,0.0763,3.9464,1,3,1,29
78.2703,80.0,0.0356,0,371.5826,684.021,2.0185,5.7402,0.0,3.2867,4,2,0,36
32.7508,301.8488,0.1184,6,197.122,1605.6413,20.8224,11.5173,0.1921,3.9159,3,0,1,34
52.1011,264.7668,0.0066,5,258.5534,1945.9871,23.743,9.8184,0.1494,6.7337,2,4,1,47
55.5083,356.323,0.1779,8,261.8338,1854.598,30.0813,7.7159,0.204,6.8372,5,9,1,31
41.079,147.5964,0.0645,4,490.5814,1515.7481,12.3642,2.3423,0.056,0.5,1,1,0,7
78.3295,100.684,0.088,7,244.7964,2264.2484,28.4997,6.4024,0.0308,0.5,2,3,1,53
35.4272,307.9822,0.0347,7,355.7846,2016.4854,28.4536,7.2914,0.0691,5.7716,2,4,2,35
72.0956,147.5051,0.0,0,314.7599,493.8909,16.2951,0.0,0.0,0.5,0,1,0,23
5.6408,303.099,0.1408,9,320.1695,2096.7329,24.4873,10.3165,0.2087,11.7104,1,7,2,39
87.2092,198.1167,0.1125,1,221.3046,1565.8571,10.3357,9.0304,0.1091,7.013,3,5,0,53
53.9319,297.383,0.0584,1,419.866,1015.5539,9.6022,0.0,0.0111,2.3359,0,0,0,32
76.3052,141.9309,0.0207,1,500.4334,949.5545,16.29,0.0,0.0,0.5,0,0,0,42
63.5434,186.1579,0.0842,8,398.226,1478.3316,25.689,4.373,0.0563,6.9931,1,3,0,43
65.9289,311.5028,0.0196,5,267.078,1675.7955,13.8446,1.5816,0.1551,12.1589,0,3,0,11
75.2686,133.6837,0.0861,0,194.1827,1307.5828,7.1237,0.5589,0.0,2.1266,0,1,0,27
59.4399,165.0872,0.0732,4,395.4289,1459.7145,22.4662,6.7487,0.0708,7.0253,0,5,0,43
36.5365,258.6448,0.1336,9,332.2836,3137.9374,26.3519,4.3476,0.17,11.1372,5,9,2,8
53.7066,213.4778,0.1095,9,262.6862,2069.6295,29.3241,13.3692,0.129,10.6984,4,6,1,45
33.4355,364.6607,0.1768,6,201.7291,2986.4412,26.1496,7.1019,0.1844,14.3727,4,7,2,59
44.6396,195.6607,0.0388,6,473.1054,1579.5958,15.2138,1.1016,0.0049,3.0906,1,0,0,7
42.8438,391.4747,0.1656,11,86.2138,2245.7538,32.5079,19.4617,0.3027,18.3466,2,5,2,18
41.8478,389.2029,0.0625,5,171.8503,1257.2916,20.7167,0.0,0.1736,9.4871,1,0,1,23
78.5413,332.196,0.0621,5,417.3226,941.5041,10.2757,9.171,0.0569,12.1095,2,5,1,4
83.1353,227.7633,0.0393,2,409.3774,1864.7668,6.433,2.9089,0.014,8.0466,0,1,0,4
38.1862,184.1439,0.0429,3,446.8239,1721.7943,14.8926,7.1506,0.0306,4.879,0,3,0,7
71.0991,216.3811,0.0085,0,363.2058,877.3808,8.064,0.0,0.0749,1.843,0,0,0,15
31.8268,180.0861,0.0307,3,418.4958,1485.8612,14.7122,8.8514,0.0,4.9191,3,5,1,2
54.466,316.8483,0.0646,7,340.6232,1161.5616,29.8875,7.7715,0.0739,10.6882,1,4,1,1
48.8935,241.1743,0.2244,6,47.2273,1902.0711,23.345,14.4662,0.1767,11.0109,2,8,2,27
44.4458,190.8641,0.0426,1,507.7746,919.6355,29.6832,12.326,0.0543,8.0722,2,0,1,50
49.656,245.1823,0.0118,7,234.0113,2154.1373,24.6844,6.5593,0.1732,8.023,0,5,1,11
53.1498,288.7443,0.1407,10,265.3013,2165.5404,23.1349,6.946,0.2217,11.7956,4,7,1,45
76.9221,380.5512,0.0436,4,255.5764,1677.373,7.2235,2.9806,0.0416,15.1728,1,6,1,4
45.6894,204.3644,0.0,4,279.3161,1501.6631,13.8288,2.7376,0.0824,7.7707,0,1,0,34
50.6814,303.7092,0.1067,4,254.1571,2129.6528,23.9984,3.175,0.1628,5.7093,3,0,1,23
35.0989,239.8851,0.1354,5,158.0508,1413.2328,24.0529,6.8247,0.1474,11.9411,2,0,2,19
41.0233,196.3649,0.1106,0,244.4666,1041.5999,24.8419,0.2777,0.0789,3.3166,0,0,0,19
32.1459,158.3382,0.1503,7,449.1528,1805.234,19.555,10.2465,0.1278,11.9487,2,3,1,22
23.4502,365.9027,0.1564,7,202.6184,3174.3159,16.0577,1.8582,0.2232,7.6212,1,5,2,15
55.4348,241.0813,0.1205,0,513.1436,2095.0361,13.8767,0.0,0.0514,4.6053,1,0,0,13
47.2721,309.0758,0.1703,8,260.542,2876.6825,17.6185,10.2509,0.1071,2.7974,4,1,2,31
71.4654,202.5423,0.0,2,455.8702,1653.9097,14.8442,5.7312,0.0065,0.5,0,0,0,46
40.0255,245.9236,0.0895,5,322.6152,2078.271,17.4215,0.0,0.1468,11.193,1,4,0,13
29.4174,136.6607,0.0896,8,382.5712,1420.0211,32.3888,0.0,0.1044,5.1719,3,1,0,49
29.5985,211.4819,0.0845,6,293.8422,2135.5173,28.0878,4.1521,0.0931,10.2186,1,9,1,28
54.3184,267.6343,0.0798,8,261.7077,1625.7043,7.1115,0.4603,0.059,7.8464,0,3,0,11
58.1814,255.5487,0.0694,8,291.2603,1764.9153,23.3341,10.3512,0.0494,7.6898,0,0,1,29
43.6117,94.8794,0.0585,0,306.3144,1388.9719,22.9332,3.3254,0.0307,2.6057,0,0,0,52
58.3458,175.4691,0.1189,0,617.1081,1661.5724,4.2539,3.0786,0.0582,0.5806,1,0,0,41
44.3305,113.0239,0.0608,6,358.4886,1567.7629,20.1891,3.2585,0.1258,10.1851,2,12,1,12
37.0911,342.9075,0.1502,10,266.9385,1710.4765,15.8633,10.3885,0.1159,10.5603,1,0,1,49
14.6887,265.2373,0.1165,8,193.8083,2796.0523,20.3615,11.2979,0.2096,15.8193,4,5,2,26
58.5213,124.6304,0.0188,0,399.1288,1525.0503,13.127,0.0,0.0,1.3225,2,5,0,28
38.0788,253.8423,0.1215,6,248.4442,1398.6506,20.7429,16.5249,0.1016,7.0258,4,5,2,35
13.082,299.4159,0.1957,11,304.8734,2458.1894,29.3509,19.1652,0.2295,10.759,5,6,2,7
44.7875,333.2059,0.095,3,487.3183,2242.1401,19.936,3.5289,0.0201,5.103,2,5,0,8
65.5106,314.0101,0.1072,10,285.9148,1386.9486,22.0115,12.7157,0.0582,12.7458,2,6,2,14
40.703,200.3511,0.0459,5,293.0961,667.3853,22.3954,2.9631,0.0239,7.3607,2,4,0,17
46.9373,147.3611,0.1102,5,365.0653,1956.5061,9.009,6.51,0.0771,6.2159,1,3,1,46
24.4155,273.2996,0.1875,5,234.037,3100.2881,25.3014,9.3157,0.1608,13.3418,5,11,2,13
84.2448,287.8431,0.0,2,362.5867,922.6959,10.1121,3.2282,0.0,1.2873,0,0,0,40
47.6335,254.6945,0.0374,1,351.6045,1785.8922,20.8364,1.758,0.0578,2.2644,3,2,1,59
44.3855,387.158,0.1797,6,404.6177,2660.4193,20.0747,10.0386,0.1072,12.8284,3,2,2,57
33.8882,483.6946,0.1012,11,193.7078,2054.0313,17.6924,5.3156,0.2005,14.281,2,5,2,23
75.0084,178.5844,0.0274,5,265.4388,414.4265,15.4387,9.7293,0.0926,0.5,0,3,0,3
70.37,195.9888,0.1501,4,379.8115,1119.1898,17.2037,5.0643,0.0,7.6156,0,1,0,14
37.9363,338.0527,0.1241,7,99.2412,1684.8637,27.5069,14.2022,0.0826,11.127,4,9,2,56
46.7383,357.1423,0.0953,13,199.3395,2024.4007,31.9015,7.7131,0.1555,5.6436,1,8,2,23
51.1187,116.234,0.0321,0,375.165,1654.3586,4.3895,3.9423,0.0682,10.2376,0,0,0,5
79.7182,89.8357,0.0457,3,426.9784,2014.4628,11.9438,0.0,0.0353,4.9076,1,3,0,24
69.8851,329.1358,0.0558,5,214.5476,1980.2874,12.5757,12.5374,0.1216,15.2445,0,5,1,4
63.6835,441.2313,0.027,9,239.6337,1931.8389,13.8209,8.986,0.1444,16.9462,4,6,2,4
16.4414,178.7934,0.0276,3,312.3921,1923.1336,15.8647,1.5861,0.0409,5.1195,1,0,0,34
37.621,185.9294,0.0586,1,371.3024,2047.4849,8.0191,1.1041,0.0233,3.6959,0,2,0,41
27.4587,344.2043,0.1076,8,412.8932,1312.6792,21.8962,11.2605,0.0515,7.6104,5,5,1,2
37.9317,347.4171,0.2161,9,230.8646,1854.8914,23.3253,15.3272,0.1287,11.9642,3,7,2,57
52.5073,223.3698,0.0998,3,300.6828,2457.919,21.5175,0.0,0.1497,9.884,2,8,0,8
71.0688,255.1744,0.1343,8,206.3865,1744.4374,25.9441,11.5603,0.0926,5.1844,4,7,1,53
58.143,272.4853,0.1592,6,243.4448,2118.3953,27.027,0.4415,0.0106,14.5841,4,5,2,45
28.2538,354.6593,0.1329,7,262.1306,914.8401,30.0667,2.6019,0.1786,10.713,2,4,1,38
15.8879,447.0317,0.0948,10,164.0316,2034.6886,26.5537,5.4783,0.1977,12.2193,5,5,2,59
35.6329,236.3488,0.2693,5,413.9648,2263.1204,15.1801,9.4879,0.2994,11.5301,3,9,2,12
67.2982,230.978,0.0531,4,371.5553,1276.6083,26.9074,2.8135,0.0,8.6562,2,2,0,45
39.3795,381.4339,0.1822,12,313.3036,2809.0391,37.7317,12.1281,0.1503,16.1323,2,9,2,1
33.8497,274.4882,0.1206,1,134.7856,1554.9975,10.3586,7.3197,0.1409,9.6186,0,1,0,21
40.2937,384.4348,0.0095,11,249.6271,3065.6606,32.9136,8.3409,0.2267,11.6271,8,11,2,8
53.7331,397.8353,0.1421,13,212.3328,2852.6773,23.9434,12.9785,0.1749,14.7785,5,12,2,40
65.5151,196.669,0.1499,4,224.6955,895.7988,22.2456,14.7107,0.1484,2.9023,0,3,1,3
87.1432,286.7299,0.0,3,381.9398,541.4625,0.0,8.4061,0.0836,12.7324,0,0,0,4
36.8541,170.4101,0.0533,6,350.1961,1680.9282,34.6837,3.2353,0.0867,4.9556,0,8,0,28
50.9749,206.4054,0.127,2,422.5821,2247.4624,20.1007,0.9015,0.1492,5.6671,2,1,0,13
24.2111,217.9481,0.2214,11,238.2646,2160.8234,30.0184,12.8757,0.2135,12.7172,3,7,2,16
66.2382,213.1778,0.0646,6,184.3206,1515.0346,21.8024,11.7569,0.0705,7.2901,3,5,1,36
79.6502,291.1506,0.0509,7,411.8786,1187.3258,11.2487,4.7082,0.0247,6.295,3,0,0,57
40.6915,225.6646,0.017,0,413.6376,1359.0821,23.2472,9.0743,0.0288,1.5887,0,1,0,55
41.2214,198.8883,0.0537,2,471.733,1294.4646,15.847,2.9385,0.0,6.4291,0,0,2,5
76.723,189.3432,0.0926,0,307.8108,1564.4447,18.6112,2.4028,0.0068,6.3987,0,0,0,27
82.8942,194.2503,0.0496,0,472.9579,937.2045,16.806,2.7904,0.0132,4.439,1,3,0,57
42.8054,221.012,0.0451,6,235.5889,1741.9754,18.5417,5.2758,0.0413,11.1479,0,4,0,39
45.3483,348.2417,0.1337,10,242.4838,2776.5981,24.5147,8.6681,0.178,8.1332,0,3,2,11
76.6433,229.1254,0.0777,6,438.0494,2317.663,16.0732,0.0,0.0727,7.7328,1,4,1,24
22.9082,298.5639,0.232,8,386.9075,2584.5486,21.3193,15.7468,0.1518,12.7554,3,6,2,41
52.9739,289.8606,0.1736,10,265.5051,2164.5798,26.3657,8.6912,0.0949,19.5079,4,4,2,58
45.5002,412.9646,0.0527,8,111.3407,1961.8297,25.99,6.5529,0.1594,14.9332,2,5,2,23
43.5855,316.0178,0.2054,8,164.3725,2062.9347,34.539,2.4404,0.1938,10.4584,6,6,2,42
38.352,154.744,0.1857,6,145.1313,2200.9843,15.9375,7.5986,0.1927,13.474,5,12,2,12
24.6924,143.2932,0.0786,2,469.7357,902.2101,13.1857,0.0,0.0462,2.6802,0,0,0,7
23.8995,278.0132,0.1476,7,141.9978,1377.5304,25.8224,3.777,0.0349,5.5303,2,5,1,17
60.8549,295.1765,0.0332,3,362.5482,681.5219,17.7683,6.4698,0.0732,7.8819,2,0,0,18
45.1343,398.8791,0.2087,7,117.9675,2175.4745,28.3126,7.5409,0.1414,8.3562,4,5,2,13
27.1507,376.0471,0.1376,9,10.0,1569.3105,33.3343,12.2416,0.1755,11.0714,0,7,2,23
60.6693,243.6864,0.1425,10,353.7654,2046.6832,16.4019,3.8548,0.0965,8.739,3,4,2,6
47.6881,288.2717,0.0454,7,146.2574,1992.5542,28.6513,5.2944,0.1404,7.3849,3,2,1,23
41.5839,183.0948,0.0962,5,372.689,1340.8715,29.7543,4.7819,0.1675,10.0272,5,7,1,50
73.56,262.8744,0.0717,2,387.6281,850.3648,14.2996,7.1011,0.0856,11.0369,0,2,0,14
35.8475,188.2553,0.143,9,98.2156,2055.8943,24.9697,14.3683,0.1653,14.0033,2,6,2,52
39.9914,324.8891,0.1634,10,124.2459,1862.7736,30.9727,12.5895,0.1493,6.68,1,6,1,16
28.5904,232.4766,0.053,5,163.0268,1827.9771,25.4585,5.9209,0.1057,6.1947,3,5,1,34
34.4847,168.2318,0.1363,7,42.1,2130.8044,31.4126,8.1232,0.1537,10.3297,3,4,1,52
48.4579,370.6445,0.0238,7,370.0387,2426.3864,20.7324,9.3238,0.0923,13.3557,3,7,2,40
64.5615,153.9504,0.0723,0,387.4374,1784.3735,6.6866,0.0,0.0828,3.679,0,0,0,24
33.3509,424.0551,0.1103,2,198.3209,2673.3949,19.9696,8.5549,0.1944,11.5938,1,0,0,15
63.0452,309.3509,0.0,3,232.952,1240.3567,24.7107,0.0,0.1299,9.1308,2,0,0,23
58.0814,183.966,0.0937,0,515.0131,1287.3067,9.0088,5.6014,0.0,0.5,0,1,0,46
27.588,320.0733,0.2116,14,229.0955,1859.1584,30.7476,10.9698,0.1855,15.1655,2,7,2,16
20.4917,365.0267,0.1137,7,252.9295,1325.8552,24.4107,6.4526,0.2022,11.8926,1,7,2,38
43.6259,174.3027,0.1671,3,399.4687,2463.9859,16.29,4.166,0.1386,9.0803,2,10,1,12
32.9171,381.2439,0.1956,10,248.5485,1494.5142,20.4552,13.5389,0.2082,9.6031,3,8,2,56
37.0295,211.3965,0.0,0,259.4145,1018.5256,22.2712,6.4581,0.0867,6.3804,0,2,0,35
68.0334,293.8179,0.1046,4,346.5675,2038.1089,15.4925,17.6955,0.1132,8.6129,3,6,1,54
71.9492,80.0,0.0027,0,450.1494,1229.1293,7.6743,0.0,0.0,0.5,0,0,0,48
49.3534,95.8755,0.0,0,309.9465,922.3472,15.0132,0.0238,0.0,0.5,0,0,0,34
16.1994,481.4534,0.1666,12,134.8955,2093.6431,28.157,14.6018,0.2349,14.6333,4,11,2,1
40.6208,308.133,0.1403,9,61.3686,1711.9654,33.1819,3.9582,0.1186,13.8288,2,8,2,23
18.1626,278.8881,0.1788,6,240.1255,1305.3984,19.6158,4.7272,0.0805,8.2371,0,3,1,19
41.9744,203.4052,0.1534,3,591.9068,2278.3932,12.4321,13.2853,0.0923,1.9574,1,0,0,51
19.5663,312.1145,0.2695,9,352.5103,1778.7178,24.6093,9.5863,0.187,14.658,4,5,2,22
43.9639,178.1456,0.0996,2,377.51,1067.9536,17.1582,3.9842,0.0445,7.0305,1,4,0,28
69.9625,304.5494,0.1371,9,487.2658,1697.5736,11.1701,5.5094,0.1238,8.9077,1,2,1,57
53.3536,221.3314,0.0981,9,148.3216,1831.1661,27.7099,13.0851,0.0326,8.7622,4,5,2,36
5.0,277.1061,0.1254,15,100.0387,3262.1325,34.5464,8.9969,0.2713,15.3213,3,7,2,39
37.482,264.9484,0.1878,5,341.2458,3413.5541,23.0609,16.6111,0.1808,11.3409,2,6,2,51
45.3763,459.913,0.1872,10,169.1848,2461.513,26.3044,4.4802,0.1242,7.4,5,10,2,6
22.955,152.0055,0.0487,3,201.6092,1327.9939,17.6322,5.4352,0.0635,8.2783,5,0,0,49
45.5095,273.1874,0.1662,8,194.2092,1851.4571,22.6247,8.2673,0.1674,9.62,4,8,1,31
58.6011,258.1051,0.1213,6,393.5977,1291.0057,19.2942,8.6542,0.033,8.1997,1,4,1,14
68.0392,137.7948,0.1049,0,425.9426,1144.5691,6.068,0.0,0.0,0.5,0,0,0,48
60.5251,250.5799,0.0874,6,429.133,1751.7212,13.3738,3.5533,0.0674,5.0374,3,5,0,13
38.6746,322.9287,0.2046,10,227.7325,2484.5687,20.6996,4.0725,0.0954,10.2174,1,4,1,16
54.551,260.5292,0.1055,0,321.3679,1594.3625,0.0,5.0821,0.0497,8.1742,0,0,0,5
36.8024,148.1428,0.1145,5,421.1776,1765.7174,18.4581,12.3602,0.0298,2.9203,1,3,1,41
44.7156,180.4753,0.1463,0,460.5083,2671.8228,18.5212,7.1129,0.0609,5.5128,0,4,0,51
15.5664,177.2445,0.0625,7,332.0464,2141.5154,25.8465,8.5375,0.1695,14.5914,0,7,2,39
26.8564,373.5127,0.098,10,248.7465,2252.0256,24.2099,10.3305,0.0345,11.5829,4,8,2,32
39.82,271.2148,0.0981,5,229.3023,1994.5144,22.2274,10.0608,0.1063,8.374,3,3,1,10
58.4746,198.8101,0.2457,7,336.1101,774.489,20.1002,0.0934,0.0532,5.907,1,2,1,42
72.055,124.609,0.0,3,271.9207,561.646,18.4777,8.535,0.0656,4.9649,1,1,0,47
51.8751,80.0,0.0945,0,322.4154,1701.0634,4.0424,3.4589,0.1394,6.2077,0,6,0,12
58.2285,196.7365,0.0345,1,516.8029,1096.9585,20.5413,0.0,0.0,4.8612,0,0,0,35
57.0855,191.6039,0.0,0,357.9598,578.9797,10.0191,0.0,0.0239,0.6672,0,2,0,35
61.4441,352.7156,0.0441,8,204.1098,2010.5832,21.9221,9.7339,0.0993,10.0177,5,5,2,45
43.1781,142.4269,0.0612,2,416.0723,2844.1494,15.6413,7.8908,0.086,5.3526,0,4,1,37
49.268,139.6739,0.1309,2,359.9639,1189.9912,13.7847,8.5275,0.158,8.5789,2,1,1,44
48.8106,254.4436,0.1334,7,338.5619,2726.2437,21.6145,2.1785,0.1665,4.6185,3,8,1,8
55.5987,99.5374,0.0839,2,255.4248,1330.3265,20.1873,0.0,0.0293,2.8042,0,2,0,16
61.4446,212.5925,0.0,0,409.3532,361.3118,3.6719,0.0,0.0,0.5,0,0,0,59
70.5242,167.3899,0.0007,7,362.1853,868.4331,13.1909,2.5919,0.0455,0.5,0,3,0,33
94.4058,80.0,0.0,1,345.4531,506.8478,1.4268,0.0,0.014,0.5,0,0,0,47
53.5521,254.5218,0.1206,4,426.2942,3027.664,19.6466,10.7079,0.125,9.8876,1,1,1,51
62.6563,208.1186,0.138,6,248.451,2580.882,11.9627,14.2736,0.2381,3.3116,4,7,1,12
43.7623,238.1089,0.0915,5,240.1321,1962.5599,16.6938,10.1665,0.1488,0.5,0,0,0,31
24.3588,153.613,0.1457,4,330.1706,2081.1777,27.6428,1.048,0.0891,11.0016,1,6,1,28
52.7631,312.7817,0.172,10,326.9844,2221.4516,19.4383,13.6593,0.1265,16.4545,4,9,2,58
46.4409,367.3476,0.0564,4,373.1704,1741.3913,16.9044,2.438,0.116,6.7621,2,5,1,25
40.4125,216.3906,0.0673,4,305.6846,1476.7122,16.9979,5.081,0.0945,8.2858,2,7,1,49
31.6326,405.1884,0.0766,7,295.7581,2608.4878,14.9709,6.8161,0.1815,10.6131,4,6,2,59
62.7949,320.9345,0.0439,7,238.1652,1776.0923,17.148,9.007,0.1347,8.4166,4,5,1,45
9.9781,535.768,0.1148,7,158.8949,1798.0147,31.1249,15.0256,0.193,14.2174,1,4,2,38
54.3722,280.9535,0.1157,8,299.559,2446.7358,15.3367,9.4116,0.0641,1.661,2,5,1,31
59.4511,262.3449,0.1765,4,148.3933,1582.7029,22.4707,7.3757,0.1128,8.0572,4,5,1,27
28.9615,128.6182,0.0989,3,169.4921,1426.4829,30.2832,11.0111,0.0734,3.6788,3,4,1,52
18.0211,279.6441,0.1196,8,103.6453,1842.3909,27.7752,18.2944,0.218,10.2879,6,8,2,55
69.4325,123.6634,0.0322,7,348.6663,1373.5624,11.4373,1.1252,0.0289,0.5,0,1,0,33
56.0116,146.5762,0.1387,1,396.5339,2023.1299,23.8903,0.0,0.0,5.5973,2,5,1,48
44.7968,137.4668,0.0595,1,253.6109,796.8921,18.4778,1.2643,0.0332,1.5878,3,0,0,55
43.6525,315.8069,0.1647,9,43.6625,1469.6468,21.2686,13.85,0.1738,7.3301,1,0,1,21
35.2758,259.7007,0.1148,6,339.9134,2614.0893,23.9058,8.409,0.069,4.9827,3,10,2,28
18.4661,269.0901,0.1284,12,328.1542,2305.4816,31.5591,10.9848,0.2229,9.646,6,6,2,7
11.6065,370.1671,0.2001,10,175.0919,2719.4289,25.175,19.0344,0.2732,18.0971,4,12,2,26
63.4778,80.0,0.0,0,627.2907,677.9358,8.6658,1.4613,0.0,0.8679,0,0,0,22
39.9033,266.4872,0.1053,1,292.1536,2323.6234,7.897,5.8575,0.1771,9.8304,1,0,1,15
32.96,274.9985,0.045,2,331.9861,687.5033,10.9598,0.2505,0.1182,2.6591,0,3,0,20
51.9977,106.6689,0.0,0,508.4338,1758.5289,11.1314,0.0,0.0104,4.3467,0,1,0,37
35.9768,191.8336,0.1009,4,170.8897,146.7848,17.572,0.0,0.0,8.3871,1,2,0,19
47.8824,199.9655,0.1815,5,318.0094,1916.0399,24.3212,0.0,0.0357,8.5362,4,4,1,48
54.9357,262.1543,0.0049,7,359.1715,1736.5642,7.7474,7.4568,0.0038,1.5211,1,1,1,46
69.9569,327.8533,0.1013,4,497.0052,1087.5653,24.65,2.958,0.0,1.774,0,1,0,43
43.8075,277.6139,0.2363,11,127.147,2622.9107,26.5223,8.3712,0.1661,10.8289,4,6,2,0
42.4063,262.253,0.2132,9,146.8827,2190.2759,27.8689,15.3872,0.0915,11.162,7,8,2,56
49.8716,331.4604,0.1002,1,302.5818,1766.8639,20.0072,12.0042,0.0636,2.4848,2,3,1,29
31.7471,331.0046,0.1316,7,218.9527,861.1679,26.3715,3.9424,0.0935,7.394,5,5,1,9
42.9347,356.9443,0.1686,6,212.7597,2767.8147,31.6491,8.267,0.1304,11.1113,4,5,1,56
59.602,238.7809,0.0328,0,351.6529,893.551,12.2749,4.9988,0.0535,6.2562,0,0,0,18
55.5529,190.1774,0.025,3,384.7844,1566.2212,9.5326,3.9062,0.0195,6.3443,1,2,0,46
26.6038,312.7169,0.1639,9,285.9936,3200.3484,36.2792,6.3864,0.1739,14.0778,8,13,2,28
40.1063,80.0,0.1003,5,385.0168,1462.0373,16.0878,7.3976,0.0685,12.1628,0,3,1,22
28.9202,330.8849,0.1248,9,119.6908,2286.2021,27.1937,18.1531,0.09,13.0764,2,7,2,1
33.3205,288.0971,0.1087,8,328.154,1856.6879,16.2438,7.6589,0.1131,12.0003,6,7,2,49
64.1116,398.5747,0.1246,11,173.3405,2566.0511,34.6148,7.6177,0.2122,15.479,6,8,2,45
64.7519,192.9185,0.0283,4,343.4542,1559.7438,19.9414,1.1272,0.0116,12.2531,0,2,0,13
75.0147,80.0,0.0,0,671.7408,968.0303,3.3391,0.0,0.0,1.3369,0,0,0,5
44.2724,235.7153,0.1896,6,254.4807,1837.4482,16.1997,10.1596,0.0381,8.3925,0,3,0,16
55.6712,242.9055,0.1993,8,251.8892,1225.5578,23.9495,11.3541,0.0653,11.8468,6,6,2,36
80.729,80.0,0.0607,1,463.342,981.3757,13.8279,0.0,0.0,0.5,0,1,0,48
71.6497,80.0,0.0869,0,388.1665,574.2042,15.4009,4.5378,0.0953,5.153,0,6,0,12
33.4637,178.1579,0.0816,4,139.5839,2095.6093,32.0576,6.2587,0.1378,9.4624,2,5,2,52
84.8167,234.1679,0.1517,10,261.2854,1275.0716,32.1254,9.8011,0.143,6.1382,3,8,1,53
41.9484,396.0852,0.2616,15,118.5909,2636.545,40.3318,12.5581,0.2118,6.3535,3,6,2,31
34.9493,399.2275,0.123,5,256.667,599.4183,15.5626,8.9559,0.1521,5.3768,0,1,1,20
44.7093,202.2079,0.0853,6,371.5231,2331.0566,14.8207,4.0293,0.0178,6.6961,3,1,1,41
42.7268,226.4818,0.1195,6,242.7981,2509.1787,14.7442,0.0,0.0705,6.141,4,1,1,59
53.2147,334.7432,0.0,1,492.455,1610.5029,12.2472,0.0,0.0264,3.2444,3,3,0,25
63.6752,256.2568,0.1125,4,465.5811,1481.1825,20.1595,5.4514,0.0,5.458,0,2,0,43
52.0894,392.7717,0.1216,5,346.7269,969.8955,18.8961,11.796,0.0621,8.7124,1,7,1,30
70.0903,220.1002,0.0923,3,435.9038,1207.2189,13.2134,0.0,0.0135,3.0196,0,2,0,42
49.6232,265.4723,0.1202,12,263.581,2071.5399,29.5923,15.2444,0.1945,11.9167,4,11,2,47
36.6313,324.4903,0.1201,3,244.6694,1822.234,14.631,6.1502,0.0912,6.9699,0,4,1,15
37.5297,259.94,0.048,1,276.1938,2648.4358,22.787,1.0531,0.2019,8.4643,5,5,1,15
43.7488,210.7074,0.0647,0,301.1055,1744.7472,7.9237,8.6023,0.1584,5.5572,5,8,1,12
33.2589,477.0153,0.1862,13,10.0,3012.9622,31.2545,10.5303,0.2933,17.934,1,8,2,11
22.2353,359.5805,0.032,4,157.8895,969.791,20.1313,7.9579,0.0716,8.8768,2,7,2,38
42.2837,366.8908,0.0625,10,300.0287,2558.128,25.5244,11.7351,0.1356,12.8727,3,9,2,40
51.7844,322.337,0.168,4,382.8151,1627.2446,16.7551,5.5102,0.0673,10.1781,4,3,1,45
47.7098,257.7109,0.1244,1,525.9497,2281.6675,11.0947,6.4367,0.0635,3.2887,0,1,1,41
25.1476,331.85,0.1955,9,111.2597,2056.134,30.4395,7.6702,0.1303,11.4053,4,2,1,16
18.8883,381.3539,0.2358,8,292.8378,3257.4012,35.6706,14.7787,0.2103,15.1201,5,12,2,51
41.288,388.33,0.246,14,85.9177,2984.5179,30.3235,17.0156,0.2083,10.0223,6,12,2,29
27.9251,299.6369,0.2019,6,284.0134,1561.6357,0.0,6.6748,0.195,7.194,4,3,1,10
57.1302,354.3061,0.1228,10,294.5308,2083.9416,16.275,6.7272,0.1586,4.0723,0,0,1,6
39.506,254.096,0.1793,2,354.1813,1188.012,17.7712,5.8723,0.0929,4.9111,4,7,1,48
59.7379,205.5324,0.0524,7,294.6735,1973.0411,20.5843,5.2883,0.1295,9.9082,1,5,0,13
25.3402,188.7479,0.1306,0,121.031,1027.1104,18.7053,0.0,0.0781,4.1352,2,1,0,19
59.8992,112.2032,0.0659,1,281.5064,391.0375,5.0881,12.8031,0.0902,0.5,0,5,0,3
43.3534,130.6302,0.0,0,370.505,572.9311,22.1879,3.3799,0.0285,1.7458,0,0,0,9
41.084,254.3075,0.1156,14,121.7662,2262.5192,17.2585,14.0334,0.1999,11.4534,4,6,2,33
25.0399,155.8833,0.0942,7,328.6502,1886.9929,22.0709,7.2838,0.1002,7.8478,4,2,1,7
37.593,364.388,0.188,9,140.8366,1436.6189,34.7065,7.4792,0.1432,10.3252,5,3,2,23
19.2075,232.1613,0.0707,9,195.1335,2548.2836,29.4386,3.9097,0.2224,10.7736,0,6,2,39
42.3247,262.5455,0.1717,1,352.9944,2068.8453,17.6237,10.7341,0.0977,13.7201,4,6,1,13
34.2417,241.3181,0.0102,2,345.6051,1433.8338,30.9489,1.7261,0.1332,8.5665,0,0,1,22
31.2845,188.2031,0.1518,9,256.1988,1919.9436,34.2409,1.3132,0.1125,7.0969,2,6,2,17
47.1071,135.4161,0.1487,6,358.7562,1566.1975,8.8368,10.2538,0.2242,9.5879,4,6,1,12
24.7522,326.229,0.1102,1,269.9123,2177.6642,24.2141,9.4891,0.0258,10.8604,2,2,1,32
38.1078,197.3826,0.1182,4,301.4995,2236.3683,28.5764,10.0102,0.1181,14.1073,3,7,1,22
39.6504,295.5284,0.0322,8,318.477,1876.6287,28.347,18.3435,0.1628,12.9585,4,4,2,2
66.6203,80.0,0.0,0,609.0932,1596.6447,6.1652,0.0,0.0,0.5,0,0,0,37
63.425,235.1164,0.1004,5,291.3967,2216.978,15.2007,9.0332,0.0707,3.8727,0,6,0,3
29.1868,188.2518,0.1379,8,119.0221,2276.1489,33.0319,12.1655,0.1357,11.0101,4,10,2,17
69.9585,80.0,0.0,4,466.9853,1032.7689,9.3948,2.1367,0.0,0.5,0,0,0,33
46.2774,186.1569,0.067,1,339.5689,2243.2867,13.6098,7.1307,0.0566,5.3036,0,5,0,37
51.8315,291.319,0.1895,11,277.0912,2008.3376,34.9315,15.7195,0.1861,12.4787,3,8,2,58
83.1994,120.5405,0.083,1,373.9741,1336.7823,20.9292,6.4855,0.0876,0.5,0,1,0,53
71.0117,205.0802,0.1132,7,354.194,685.6837,17.2349,0.0,0.0221,0.5,0,2,0,42
96.6642,80.0,0.1192,3,337.3648,728.9739,25.7606,4.1432,0.0,0.5,0,2,0,53
43.598,332.7028,0.1295,9,300.9178,1548.5206,21.0157,9.0403,0.1863,5.434,2,3,2,1
33.4044,227.2125,0.1041,12,209.4585,1454.9497,37.1879,5.9247,0.1316,8.8538,4,6,2,17
19.069,500.2385,0.1555,9,182.6273,1731.1524,30.1453,13.4712,0.2254,16.5365,3,7,2,38
59.309,243.1379,0.0944,2,316.7258,1047.9617,24.9124,12.2002,0.0405,2.03,3,2,0,29
63.0611,222.2493,0.1194,8,287.4615,1488.7263,17.8101,8.569,0.0795,13.9731,4,6,1,45
29.6074,316.2037,0.1742,5,396.4923,2986.1349,21.3921,9.1187,0.1259,6.4734,2,0,2,41
42.3526,284.6571,0.142,7,321.7948,1911.3055,6.4671,9.2651,0.1672,7.1899,2,9,1,10
46.4202,120.4758,0.0929,4,420.3477,1797.6141,24.0906,0.0,0.0792,7.0357,2,5,0,28
46.4043,277.2811,0.0549,13,257.0368,1677.8623,17.0577,12.9993,0.1222,14.3867,4,9,2,40
36.7278,339.2377,0.1124,2,271.9254,1325.6987,19.1199,3.0965,0.0,3.8844,3,6,1,25
29.335,248.6941,0.1052,5,411.3055,1770.9896,29.4821,8.0846,0.0846,9.3816,2,7,1,7
22.6072,202.8303,0.017,2,367.5191,1994.274,19.6637,2.5904,0.0738,6.6213,1,3,0,26
50.0583,256.7205,0.1441,9,271.7612,2172.8724,31.6163,13.521,0.1343,15.703,5,10,2,58
8.6555,332.2391,0.1901,10,180.5731,2080.9022,37.602,8.003,0.1461,9.9536,5,7,2,7
33.1393,222.371,0.1009,7,286.2507,1491.475,30.0164,16.3381,0.0635,8.9513,5,3,1,55
64.4941,165.4884,0.1042,5,332.6898,928.139,6.7412,4.4684,0.0659,0.9094,0,0,0,31
9.1253,260.8856,0.2304,11,435.9181,2909.445,25.2788,9.4685,0.1413,12.505,3,6,2,41
39.6139,227.0063,0.2134,4,323.6098,2417.6165,33.0883,11.4002,0.1925,13.3568,5,12,2,12
66.7715,152.7512,0.1005,3,294.7848,1819.2579,23.9224,8.6759,0.1363,5.8513,4,5,2,54
47.2924,297.7552,0.0132,4,262.339,1043.0849,14.2221,5.0338,0.0789,3.0512,1,1,0,2
58.7964,168.2991,0.1258,3,500.9876,2955.8795,24.4917,10.9681,0.1192,5.3011,2,6,1,51
30.6676,254.0833,0.0499,2,458.1747,2006.9536,14.0409,8.4826,0.0108,0.8436,2,2,1,41
45.3534,360.7682,0.1076,9,411.7103,2162.3534,30.0907,11.0136,0.099,9.1399,3,7,2,57
37.6441,153.069,0.0005,8,300.3067,1740.3926,22.9915,4.5561,0.0975,7.1979,0,5,1,33
47.4546,233.5824,0.0,4,369.2346,1143.6684,7.587,5.1076,0.081,3.7032,0,4,0,33
45.8205,239.7633,0.049,8,275.5805,2060.747,20.2655,4.7827,0.0493,0.5,3,6,0,31
72.6779,200.386,0.0326,0,543.5433,401.8666,10.7693,2.5518,0.0,0.941,0,0,0,57
54.8828,227.6871,0.1043,4,312.5822,938.3199,13.2518,0.23,0.1214,12.4398,3,6,1,45
37.0689,321.895,0.1645,7,155.2635,2738.7429,20.0109,15.8599,0.1693,14.6993,3,7,1,21
55.171,285.0437,0.1036,5,386.2927,2503.7503,9.5461,0.0,0.1321,5.0128,2,5,0,24
39.9965,190.7745,0.0,0,436.1153,606.4715,17.6371,2.6773,0.0,5.6455,0,0,0,5
56.8938,186.4248,0.0764,4,297.262,1934.1175,11.9349,8.5115,0.1021,3.0126,1,3,0,31
67.8769,231.0482,0.0644,5,383.8581,1594.3991,16.0442,6.3621,0.0345,6.7139,1,2,0,14
58.7675,172.1095,0.1512,5,144.6567,1170.1365,19.389,8.3223,0.0894,4.5512,4,1,1,0
14.3629,170.6422,0.1039,10,245.5002,2580.3711,38.6587,10.2744,0.1108,9.1777,3,9,2,39
80.0743,114.8768,0.0412,4,320.1009,1762.9046,17.4717,13.2429,0.0836,6.0862,0,0,0,54
56.8092,306.3745,0.1181,7,310.4093,1690.0842,26.8678,14.5413,0.0681,13.8548,2,7,2,58
59.9637,301.0486,0.1158,6,239.9932,1579.2833,23.2347,2.501,0.0867,9.5129,0,0,0,23
32.7774,220.0863,0.161,2,423.885,1482.1481,7.4987,4.2179,0.1724,5.5464,3,6,1,7
63.1725,326.9554,0.1101,1,376.9303,1722.8247,27.1133,9.1737,0.0096,0.9081,1,2,0,29
23.3085,351.0096,0.0999,12,308.8641,3010.5204,24.6546,4.0812,0.2347,13.9684,2,7,2,39
67.4104,179.4758,0.0765,0,509.2384,1181.4439,17.3638,0.8958,0.0255,9.0352,0,3,0,57
63.9046,310.3368,0.0093,5,385.608,1674.4285,16.4346,6.5928,0.0093,7.2024,4,0,1,40
53.4978,153.4261,0.0751,5,270.1919,1701.9213,22.2774,7.7735,0.1983,1.8514,0,0,1,52
30.1078,231.413,0.1257,4,249.0512,2018.9697,23.7917,2.8491,0.1296,4.0762,2,5,1,39
20.0754,262.1296,0.1508,9,283.9894,3188.9834,23.67,11.2685,0.1386,9.3931,4,9,2,41
20.6371,443.8087,0.0528,11,142.0612,2163.5295,27.0594,15.7147,0.2031,9.3594,6,9,2,40
21.8965,262.2585,0.1293,9,46.2118,992.2332,25.0374,7.5321,0.0722,7.7677,7,2,2,34
57.1725,355.7416,0.1096,4,356.9507,1521.0164,23.7584,9.1441,0.0,10.6084,2,8,1,57
29.0591,304.0048,0.1365,8,343.2966,2559.9906,19.1284,4.902,0.1667,14.6793,4,7,2,13
41.2412,308.0166,0.1196,7,138.721,1154.7948,16.0022,4.4793,0.0976,6.2278,1,1,2,19
52.7645,192.0119,0.0763,9,243.2366,1127.5767,13.7581,10.8087,0.0449,6.0623,0,4,1,33
97.7623,80.0,0.0,1,439.6787,889.5056,2.027,1.2253,0.0,4.2072,0,3,0,54
41.7209,309.8812,0.1121,11,265.1492,2408.7674,21.912,10.7286,0.2003,11.4328,4,10,2,40
58.5516,260.6727,0.0557,3,305.2427,1782.1174,9.8155,6.9032,0.0,5.9295,0,1,0,46
46.3327,160.6737,0.0386,7,423.1361,1242.6541,9.7183,3.5511,0.012,8.502,0,0,0,5
51.8115,286.775,0.1432,13,10.0,2030.3902,26.8831,15.4083,0.2186,9.5623,6,15,2,0
31.5177,170.641,0.0553,4,421.6942,2136.5366,32.0981,5.6863,0.0988,3.393,2,3,1,50
44.1838,279.7149,0.0,2,303.7947,2044.6933,18.2091,0.7132,0.0418,5.153,2,0,0,59
45.8614,212.5182,0.0,5,381.2224,2659.7485,12.1947,0.0,0.1148,2.6321,2,6,0,8
48.2158,155.0297,0.0,2,375.3422,1304.1672,22.061,10.4584,0.0769,3.1669,1,1,1,50
59.7857,361.709,0.049,2,309.3267,1438.532,20.9512,18.6248,0.0758,6.9276,2,0,1,30
48.498,386.7272,0.1727,16,235.0758,2804.116,21.7697,7.4911,0.1476,8.1371,4,9,2,6
13.6097,495.127,0.2279,10,18.6181,2272.0908,35.5872,17.6706,0.2963,22.0007,2,8,2,38
62.6648,244.2036,0.1302,9,145.4453,1387.643,19.6965,8.541,0.0505,1.9884,5,0,1,36
32.533,194.918,0.0718,5,392.5749,1675.7673,15.1359,12.8192,0.0348,10.2336,1,7,1,22
31.4733,236.5502,0.2003,6,257.2413,1431.9685,36.2992,4.4593,0.1838,5.2857,1,7,2,17
34.7099,287.0617,0.1729,3,197.7458,1751.4363,20.024,5.4119,0.1156,5.5413,0,1,0,21
30.3501,283.5813,0.2036,8,273.2685,3253.2771,21.4744,15.4815,0.1784,10.6285,2,6,2,51
33.056,228.2112,0.1543,7,223.5208,1584.3766,33.2983,6.6876,0.1442,6.4125,2,4,1,17
31.5573,206.8565,0.0895,11,267.8618,1903.8401,14.6661,5.0393,0.0874,5.7334,2,0,1,7
56.5571,94.3611,0.0,0,499.5155,287.7518,19.5109,0.0,0.0,1.8058,1,2,0,9
36.9362,349.72,0.1995,14,10.0,2513.3621,36.5114,21.3471,0.2301,11.001,4,9,2,3
55.2752,343.5191,0.1556,6,198.218,1972.287,18.3457,15.0145,0.1316,10.6492,2,3,2,30
23.6778,312.0362,0.1206,16,25.3972,2865.2569,22.8674,16.0763,0.2231,17.2786,4,10,2,33
22.4806,262.7782,0.1108,13,174.7412,2165.7789,17.4466,8.6682,0.1685,8.2893,4,5,2,10
51.6374,301.6693,0.0882,6,401.2985,1435.1462,20.1072,8.345,0.0,4.7057,3,3,1,57
65.8229,316.7263,0.1545,9,124.0175,1701.0213,25.0763,10.0373,0.1052,14.3493,5,6,2,27
55.8728,133.6295,0.0731,0,530.5575,1589.8157,7.4946,3.202,0.0,0.7342,0,0,0,41
45.0698,174.598,0.083,5,416.4121,1705.9993,18.4104,3.5466,0.0879,7.6078,0,6,1,28
32.5754,336.9294,0.1988,10,257.4863,2255.4175,21.4606,14.0675,0.0872,11.6528,2,5,2,41
77.3454,152.4351,0.0653,5,262.6661,1248.1306,28.1037,13.933,0.1293,5.4323,2,7,1,53
36.8563,325.5605,0.1081,5,157.0432,1986.6672,29.4187,6.1278,0.19,8.3636,3,4,1,15
49.0176,396.594,0.1053,7,223.1028,1526.8361,23.8787,5.6898,0.1441,12.9089,1,1,2,23
37.2843,183.8078,0.0,3,313.9646,2211.8,23.0784,5.6038,0.0577,5.1149,0,1,0,37
64.3846,202.9274,0.1621,8,51.499,1834.6998,17.8924,10.5743,0.1386,11.5418,1,6,1,27
48.1884,275.4613,0.1015,8,275.8417,2062.281,22.6372,0.0,0.1269,5.7031,5,7,0,8
46.2011,275.3482,0.1442,6,200.3142,2156.736,25.0882,7.0234,0.0676,10.93,4,8,2,48
51.941,244.7419,0.0537,1,362.0895,1734.7221,11.8355,3.198,0.0619,7.9843,2,2,0,13
49.8382,289.4277,0.0495,4,323.2405,1628.274,28.5891,0.0,0.0841,6.344,0,0,1,59
52.0182,322.6293,0.0473,3,369.3629,2058.7009,0.5335,6.4032,0.1558,7.3616,0,0,0,15
33.8092,352.5536,0.1008,4,227.443,2252.6479,20.9166,4.1495,0.1735,8.3059,2,2,1,15
38.0159,149.3439,0.0363,3,362.0271,591.9978,22.0805,2.9877,0.0,0.7047,0,3,0,9
58.6749,298.4174,0.0767,4,261.2572,1193.451,29.2398,0.6686,0.1496,5.5077,0,0,0,23
74.5247,80.0,0.0483,1,287.2147,1502.9274,9.1062,7.0233,0.0264,5.3693,0,3,0,54
53.3886,273.1707,0.0747,9,274.7112,2397.2558,27.0613,5.1908,0.2093,7.9218,3,9,1,11
21.2936,162.504,0.044,6,243.3859,1213.2537,26.8428,5.6912,0.1093,6.9678,2,1,1,34
70.401,143.3262,0.1188,0,241.9081,962.0648,17.5571,3.3665,0.0,3.4993,0,0,0,27
36.5923,130.5433,0.1628,2,224.3275,692.828,25.4863,4.4139,0.0653,5.2249,5,1,0,9
30.9978,344.1544,0.0976,2,301.0538,1968.0703,22.9329,8.1206,0.189,11.9742,2,2,2,15
42.5599,292.9564,0.1489,11,364.278,2413.8291,27.4462,3.7465,0.0902,9.1714,2,8,1,43
49.5576,290.7565,0.0876,7,191.597,2122.2672,19.8994,4.239,0.0948,9.655,1,6,1,18
28.5403,216.8548,0.1355,7,175.4291,1812.7033,29.9034,6.9866,0.0359,6.6572,1,5,1,17
56.0655,254.569,0.115,3,473.5493,1461.3346,17.5593,1.9723,0.064,4.863,2,2,1,48
39.9009,285.7703,0.0583,8,306.719,1553.8264,22.2632,18.7964,0.0254,8.1021,4,3,2,2
53.2785,179.125,0.0562,1,454.0229,926.4073,14.9123,12.3642,0.0,7.1165,0,0,0,5
35.6237,167.5547,0.1581,4,210.7754,356.6383,23.1282,1.8588,0.1021,1.0971,1,0,0,19
12.0161,350.0337,0.177,16,144.9169,2813.6592,30.4078,17.0642,0.1753,17.4735,6,12,2,28
26.5835,199.5704,0.054,5,423.0334,3030.7162,10.4737,8.1031,0.0767,9.0158,0,0,1,51
23.9137,295.1516,0.0744,6,282.8223,1165.5582,4.0884,7.2172,0.0939,4.4387,1,2,1,10
68.0691,334.0162,0.1076,7,393.0768,1856.9393,22.0243,4.8556,0.0376,13.2523,3,4,1,57
41.4933,238.0299,0.1859,0,238.9551,1342.2849,15.0632,5.1465,0.0473,12.9905,1,0,0,21
53.9042,255.7541,0.1138,3,420.5172,1122.8296,18.6557,6.1393,0.092,8.4641,4,3,0,45
38.0954,125.4786,0.0,3,333.097,1184.731,14.7746,0.0,0.0322,2.5827,0,1,0,34
40.8241,332.6274,0.0642,7,228.3388,1679.7091,29.9808,7.2835,0.0581,11.0622,4,8,2,35
48.3171,297.1853,0.1444,6,391.3538,2637.1954,28.9897,9.8414,0.1167,13.2087,0,4,2,51
30.2242,188.9303,0.1419,6,85.4616,1920.3574,40.4003,6.5525,0.1104,5.2869,4,4,2,52
64.1287,182.6864,0.0678,6,403.5056,1434.5696,30.5306,11.2908,0.0,6.5636,0,6,0,43
47.8547,291.3254,0.0823,3,249.3715,1880.2829,10.6634,0.0,0.1654,8.7996,3,5,0,13
81.0846,80.0,0.0,0,550.7169,100.0,5.8984,0.0,0.0,0.5,0,0,0,9
42.8065,225.961,0.0501,6,358.7024,1382.4421,21.995,6.7757,0.1084,4.103,2,7,0,44
50.099,168.0112,0.0235,1,466.2338,731.6861,25.2031,2.4339,0.0409,3.9352,2,0,0,50
59.4753,214.4143,0.027,0,482.2817,1254.7952,13.7884,0.0,0.0443,0.5,0,0,0,15
43.5078,235.7977,0.0512,2,148.3242,1434.5967,14.153,7.421,0.0721,9.8767,0,0,0,5
52.4105,270.5001,0.1545,7,324.8797,2138.0703,21.4157,13.2048,0.1064,9.6372,1,7,1,43
62.5123,205.6938,0.049,6,330.0848,1540.8964,11.5797,11.1816,0.0805,2.2133,6,4,1,36
44.8539,226.5235,0.1253,0,360.7057,1994.3239,15.5242,7.6859,0.1388,1.0123,3,4,0,31
27.0311,271.4625,0.1216,7,233.5058,1740.0965,13.3365,4.3671,0.0834,7.67,0,5,1,10
45.9478,282.2435,0.1239,9,300.4737,2702.3686,25.0399,13.7233,0.1763,15.0711,0,6,2,44
63.5486,154.9197,0.1459,12,164.0642,2226.5798,32.8426,13.966,0.192,14.8696,5,6,2,54
53.2536,235.9751,0.1346,7,423.3708,2060.5238,28.5938,12.1568,0.1033,10.6813,3,2,1,58
38.7492,257.628,0.0186,6,349.4232,991.9458,9.2121,12.401,0.0426,3.8337,1,2,0,33
56.2994,234.7395,0.0401,4,386.3438,1595.0313,8.1293,0.3424,0.0595,4.2675,0,0,0,11
39.2103,135.2117,0.1103,3,440.1475,2139.238,26.7587,5.5841,0.0836,7.5279,3,6,1,50
49.5036,335.7491,0.2066,9,257.2736,2655.2939,33.2629,18.3323,0.0989,18.7528,3,6,2,58
17.675,382.0323,0.1665,9,172.7653,1315.7253,23.1684,8.6623,0.1864,11.1426,3,7,2,20
47.5323,296.7743,0.1796,2,291.9747,2416.7425,20.6271,9.1432,0.1746,9.3583,2,5,2,56
58.8199,187.68,0.0964,6,254.718,1657.6883,23.478,8.3324,0.0439,11.0959,1,0,1,14
42.0305,104.2675,0.016,0,379.1712,1598.6581,18.9947,4.1179,0.0,2.2688,0,2,0,35
40.3662,95.5552,0.0287,3,462.4653,1728.7893,19.0938,3.6252,0.1187,6.9134,2,3,0,26
77.9549,339.608,0.0,5,345.0723,1747.538,14.2374,10.4235,0.0568,5.2492,1,5,0,4
52.1437,145.2394,0.0632,6,397.3246,2204.7213,33.1676,0.0,0.0964,2.0996,4,10,1,28
44.6454,374.0385,0.129,6,205.756,3042.0439,25.5432,8.0312,0.181,10.1651,1,2,1,15
55.009,365.9112,0.0,0,405.0282,1297.3854,13.1531,5.163,0.0138,6.6943,4,3,0,25
50.6948,417.5132,0.1658,9,203.3554,2218.4486,19.9002,4.5768,0.096,10.6748,2,8,1,42
17.8501,230.2526,0.0281,5,356.9165,2610.5936,12.2393,3.0312,0.1268,12.4108,2,6,1,7
56.7846,244.5608,0.0611,8,226.569,1184.6542,20.6684,8.8586,0.0772,8.8114,2,4,2,47
43.5962,357.5492,0.0722,6,391.9586,1920.8184,14.5247,6.8283,0.0102,5.9799,4,7,1,25
52.5706,256.9607,0.0177,2,486.1616,1161.3185,10.8987,7.5369,0.0042,6.1251,3,0,0,44
44.4116,211.0452,0.1806,5,404.7308,1865.335,9.6847,5.3001,0.0199,2.8884,1,1,0,41
44.0484,402.0544,0.1701,11,78.6851,2555.1904,23.5345,13.545,0.1943,10.9401,2,6,2,6
44.0483,413.3921,0.244,13,135.773,2807.1237,27.1499,19.564,0.1242,19.9636,7,9,2,58
55.6371,290.5943,0.0713,1,266.4483,1922.481,13.1097,7.4582,0.122,7.5988,3,2,0,18
44.5007,378.7097,0.0199,5,264.4905,2168.3979,12.9246,2.2144,0.1127,6.8078,0,5,0,15
41.3053,238.8303,0.0727,3,388.3175,1567.6924,12.2462,7.0509,0.0571,13.1077,1,2,0,44
57.1505,357.3948,0.0774,8,230.8294,1867.291,22.9586,10.4157,0.1285,9.7918,4,5,2,40
57.8853,242.3255,0.0845,0,296.4734,1434.1341,26.5113,7.5163,0.0605,0.5,0,0,0,29
15.8212,308.1322,0.159,9,101.009,2008.2317,25.7645,25.4201,0.0847,6.7525,7,6,2,55
74.3357,225.4707,0.0838,5,365.6072,1815.5571,13.3856,0.1,0.0,1.6573,0,0,0,6
32.3543,253.2731,0.14,5,401.854,3157.0491,13.6026,13.4067,0.1772,7.5672,1,8,1,51
57.5751,353.3411,0.08,5,161.8979,1292.8906,20.7156,20.4594,0.081,8.3599,0,7,1,30
33.9024,314.0288,0.0668,5,261.7375,1721.4478,15.7097,3.483,0.1242,3.7448,1,3,0,10
34.3949,157.9864,0.1174,1,465.1236,1804.6766,28.6351,11.7607,0.0219,3.554,1,4,1,41
50.0449,316.5591,0.1912,6,292.6257,2098.269,26.0568,12.9919,0.0331,16.4274,4,6,2,58
35.6513,285.5226,0.1272,2,255.8512,1203.8203,39.7594,11.5629,0.0922,8.4074,2,11,0,35
66.507,238.779,0.0122,0,561.7443,1741.9007,19.9853,0.0,0.0763,6.8726,0,3,0,24
60.8281,388.995,0.0778,3,333.3461,1926.1824,21.7141,12.4674,0.1284,9.1372,2,5,1,30
44.4094,251.4252,0.1925,9,208.9019,2579.1798,28.5083,1.092,0.2116,13.2598,4,9,2,24
54.1968,80.0,0.0,0,484.7424,1741.6873,10.9715,3.963,0.0,3.9833,0,0,0,37
51.3296,267.8341,0.1392,5,208.9643,2202.4397,27.3192,6.8434,0.0794,11.3664,6,6,1,48
28.2339,80.0,0.0585,0,394.9216,1654.0853,9.2133,0.0,0.0944,4.1354,2,3,0,26
46.8973,216.1592,0.1836,8,244.5074,2536.0887,15.1854,11.4382,0.1845,12.1477,3,9,2,12
53.8241,267.0683,0.1474,8,342.1667,1634.4904,26.8106,2.4209,0.0871,5.5042,1,8,1,43
43.7999,157.9766,0.0739,4,401.4474,1015.8133,24.0809,8.6777,0.0603,1.0362,1,4,0,17
44.2742,364.6069,0.1345,10,60.3545,2309.8774,30.2455,8.7773,0.234,17.4518,0,5,2,11
28.7768,198.0475,0.1447,6,220.1379,2330.1765,26.1221,1.5805,0.1523,6.2647,2,10,1,8
41.5118,209.6909,0.0,3,422.966,2224.6703,17.9067,0.0,0.038,8.6738,4,2,1,8
26.9716,283.3367,0.2113,13,93.5559,2301.157,39.1608,12.3211,0.1796,14.9196,4,4,2,16
26.6339,150.1326,0.1152,0,511.8836,2646.3643,17.9747,8.799,0.1089,9.2597,1,0,0,51
26.9861,448.67,0.1459,11,108.0019,1934.5709,25.9419,15.8917,0.1863,18.5138,3,6,2,18
42.2497,297.2953,0.0494,9,121.914,2720.4289,21.0429,8.4236,0.1305,15.1733,0,10,2,11
60.1594,137.2146,0.0034,0,452.7512,2222.2444,7.3592,5.3071,0.0047,0.8992,0,4,0,37
35.4728,233.5329,0.114,8,285.2194,1918.6714,21.2137,8.4708,0.1341,7.334,3,3,2,7
70.8695,148.9226,0.0685,4,218.6211,1147.2975,25.2111,9.4766,0.1164,2.795,0,1,0,3
56.8263,227.2955,0.0501,6,286.4078,2331.3822,15.1801,10.0158,0.0129,7.7139,0,6,1,29
71.5029,298.1232,0.0745,2,443.7545,1274.8868,11.6706,13.8347,0.018,3.5188,0,0,0,30
47.3692,140.417,0.0259,0,567.1772,2530.983,12.9587,6.7668,0.0233,3.041,0,0,0,51
92.6514,146.7958,0.045,0,428.5652,895.4255,25.4456,3.9913,0.0,3.8472,0,0,0,14
38.4302,158.9969,0.0,1,465.9854,2651.4445,15.3798,6.8686,0.0212,6.2161,0,0,0,37
74.3979,80.0,0.0,0,535.5754,1076.3783,9.4005,0.0,0.0,0.5,0,0,0,22
18.4352,370.3935,0.1884,12,129.7556,3080.859,30.826,8.0425,0.2897,14.6402,6,12,2,8
24.4838,262.5613,0.098,5,263.966,2813.5633,25.1335,8.5714,0.187,11.5394,2,8,2,37
32.6285,373.6811,0.0725,8,205.3755,2093.2155,19.3413,12.0387,0.1211,13.7881,4,4,1,32
18.3049,324.4366,0.0865,7,253.9233,2604.2074,20.522,4.116,0.1862,9.2327,0,5,2,39
33.7795,285.5482,0.1066,8,409.765,2106.4112,35.3789,10.9446,0.018,11.7985,4,8,2,50
49.7871,223.4632,0.1608,7,11.0212,1608.8758,17.8207,19.703,0.1561,4.6461,0,3,2,3
41.8517,400.6007,0.0817,6,354.6119,1425.8808,19.3792,5.5011,0.0803,5.2725,1,2,1,32
61.532,224.4754,0.1728,14,181.7812,1799.6737,41.8578,13.6834,0.175,7.5642,4,8,2,53
27.2665,374.4783,0.1924,9,82.8393,2089.0448,29.2689,13.4848,0.1105,20.0119,3,5,2,5
64.277,189.6023,0.1034,5,209.913,538.3763,29.8044,11.6089,0.124,0.5,0,3,1,3
71.5475,151.4556,0.0037,3,347.0936,1072.9433,32.3458,9.017,0.0,2.3369,0,5,0,36
6.058,276.6269,0.15,14,260.0313,2181.2276,28.366,10.1467,0.2194,20.3648,5,9,2,7
83.5183,126.4032,0.0071,3,277.0204,966.2094,21.9817,0.3492,0.007,0.5,0,0,0,47
56.5228,80.0,0.0181,3,181.7703,980.4712,19.5374,3.1942,0.0218,4.752,0,0,0,52
59.2118,247.2563,0.1322,2,263.1631,2690.3146,19.7177,0.0,0.1931,14.1336,2,10,2,24
21.7291,144.1727,0.1424,7,61.9461,2143.2098,23.988,6.6126,0.1109,7.5834,2,3,2,52
54.6837,274.3278,0.1461,5,476.0292,3249.3992,7.5589,11.8863,0.0951,8.0764,1,1,1,51
67.8113,145.5559,0.0,2,402.5439,239.6611,14.2947,4.2093,0.0602,1.3855,0,2,0,47
58.442,244.8824,0.1077,7,210.4724,2570.4955,17.7849,18.1029,0.2091,13.8274,5,5,2,54
40.2252,239.4931,0.1782,3,98.1284,1544.7715,27.8436,6.4717,0.0737,7.6394,1,0,0,21
57.2437,373.8016,0.0028,5,332.0298,2087.1855,16.7344,0.0,0.0,5.0992,3,3,0,25
57.8623,378.4067,0.1724,5,154.5479,1612.9994,26.383,15.7322,0.1616,12.3357,5,7,2,30
30.3851,372.8347,0.1239,6,230.9018,1527.4532,16.9358,5.5259,0.0596,4.6081,2,4,1,32
50.8934,211.9659,0.1848,10,150.3333,1426.8241,30.0145,11.8515,0.1564,11.4105,0,5,2,3
33.11,352.0579,0.2162,10,243.8112,3016.4004,27.7784,15.3957,0.1883,15.1606,6,9,2,58
28.7692,354.6164,0.1821,5,120.0363,1724.605,25.0109,9.2869,0.0552,9.1344,2,3,2,32
61.9638,339.718,0.0965,9,243.166,2849.7278,25.4919,11.877,0.15,8.3553,1,6,2,6
74.2392,214.3898,0.1499,6,282.9316,795.5182,23.4891,9.5926,0.0885,2.4928,3,7,1,53
37.8559,391.2115,0.1437,7,67.6616,1885.2098,28.5282,13.9075,0.1342,9.3815,2,2,1,21
38.9002,187.2371,0.0187,0,271.3028,3128.4705,12.9111,4.4715,0.0821,6.921,2,5,0,37
49.2153,152.0757,0.1071,4,317.6158,1793.7275,22.7129,11.8791,0.0612,4.35,2,6,0,56
5.0,291.4306,0.1652,13,195.9172,2717.0355,24.1233,1.3031,0.1599,8.8142,2,8,2,39
50.5147,196.0638,0.0,0,402.4289,614.4406,12.6916,0.0,0.0,0.5,0,0,0,34
5.1317,408.6383,0.1953,7,201.8214,1235.3792,32.6973,11.558,0.1841,14.1387,0,10,2,20
64.1992,392.6498,0.1309,3,352.2342,1155.907,22.7854,13.1972,0.0761,10.8895,2,0,1,30
40.8878,127.62,0.0,1,329.4525,755.9006,32.0237,4.4387,0.0624,7.7224,4,0,1,9
72.6845,214.5323,0.125,6,283.6803,1279.709,26.1946,5.0196,0.0656,9.9635,5,7,1,45
27.5271,257.5726,0.1848,6,212.0839,1838.5526,33.9715,3.5707,0.1331,10.2412,6,11,2,28
71.704,143.797,0.1842,4,198.5296,1599.6312,29.2454,7.8862,0.0382,4.1597,2,6,1,53
28.2088,221.5619,0.1623,8,363.8523,2153.9241,38.0801,9.8274,0.1492,12.938,7,7,2,22
46.1599,241.46,0.0851,6,304.5224,2714.1033,22.9733,3.6832,0.1234,8.921,6,4,1,8
50.7387,300.8606,0.114,8,131.0798,2354.4551,8.8335,9.2995,0.1983,7.0061,2,6,2,31
30.4828,266.4575,0.0919,5,301.8017,1359.9873,26.7917,9.7818,0.0703,4.8461,4,10,1,35
36.6575,80.0,0.0227,1,504.0556,1582.7945,15.0101,0.0,0.0463,2.3031,0,0,0,7
54.0793,231.9205,0.1494,3,258.479,909.533,22.6292,12.57,0.0317,7.1059,4,2,1,56
73.134,331.3882,0.0937,4,306.1052,1892.4053,17.638,11.8455,0.0383,9.2071,2,2,0,30
20.1865,377.3583,0.2044,11,256.2022,3199.6834,29.2577,11.6373,0.2602,17.4385,4,9,2,7
54.4876,258.8765,0.0682,0,370.1814,1974.0356,7.4052,2.9127,0.0427,6.1263,0,2,0,11
37.129,215.7038,0.1415,7,298.2573,2156.6512,31.7381,6.4449,0.0543,4.5406,3,4,1,48
51.7013,231.5165,0.0994,0,385.348,2043.8867,20.9995,4.835,0.005,6.0285,6,8,1,48
13.6835,297.1114,0.1,13,167.7488,3069.9249,30.9477,10.1002,0.1619,10.7657,6,13,2,8
41.4053,407.6189,0.1006,3,291.3484,979.4015,21.7769,3.8269,0.0486,6.8941,0,2,0,20
37.4615,350.3456,0.1712,12,85.7775,1587.1752,22.1549,11.8908,0.229,18.3251,2,8,2,16
17.2593,281.6065,0.2109,13,104.8613,1809.2224,36.6389,9.3538,0.1897,14.0702,2,8,2,17
49.7752,118.4505,0.0,2,385.4224,1100.3213,10.0421,4.666,0.0056,3.4989,2,1,0,10
53.2428,95.6677,0.0,0,311.109,1941.3922,14.8287,3.8492,0.0,3.0538,0,1,0,37
46.4064,217.636,0.0855,2,351.1952,1382.8583,23.0426,7.9908,0.1922,9.2856,2,6,1,12
69.3696,218.4892,0.0665,6,180.9429,2083.7132,22.8983,11.7673,0.1099,8.333,5,3,1,54
61.1334,245.2798,0.089,2,390.286,2389.3569,15.3015,0.0,0.0582,5.4292,1,5,1,8
51.3986,163.573,0.0914,4,260.526,988.7369,19.6672,7.0613,0.0703,2.2459,0,1,0,2
66.5829,122.5593,0.0155,0,428.2685,974.9228,18.2258,0.0,0.0,1.0704,0,0,0,48
55.9132,213.9595,0.1164,11,198.4233,1862.838,22.6208,6.3351,0.1592,0.5,0,4,1,31
24.9667,333.5217,0.1695,8,162.9599,1225.9837,26.2705,7.3014,0.193,15.8208,4,12,2,38
43.669,321.9752,0.1611,13,287.9002,2049.9369,32.4812,15.5197,0.2152,14.0745,4,7,2,45
46.0778,80.0,0.0,0,452.1942,100.0,16.1039,1.8258,0.0,0.5,0,0,0,9
58.7259,225.6644,0.0388,5,397.8342,1784.5494,23.011,7.1786,0.1424,7.9619,2,3,1,44
55.2174,392.0658,0.174,7,165.3373,2483.9552,26.4475,7.1111,0.0699,12.6002,5,4,2,13
47.7739,268.5036,0.0803,1,298.9367,2409.4393,12.076,6.5516,0.1837,10.3301,1,3,1,15
29.1248,356.9071,0.135,9,219.1963,2086.2344,20.9052,12.132,0.1604,5.5825,4,5,2,10
50.4028,363.7043,0.0745,9,376.5736,1567.6357,24.7683,7.6113,0.0811,13.9007,2,4,2,4
47.9251,130.3289,0.0,0,442.8484,104.4638,11.1443,0.0,0.0,0.5,0,0,0,9
24.4479,391.7012,0.1791,10,285.4065,1796.6305,38.3035,14.1385,0.1525,10.7148,1,15,2,20
32.6938,332.1008,0.1274,4,353.4493,1027.8573,24.4912,2.3412,0.1187,5.7743,0,2,1,38
67.2501,290.8758,0.0151,7,495.5555,864.9097,11.6062,2.5181,0.0335,4.4776,0,4,2,57
30.9811,333.2546,0.0613,2,356.3599,424.7476,14.4665,3.1583,0.0671,1.9335,0,0,0,20
28.6654,167.4915,0.1965,11,227.8007,2334.5258,36.2434,17.2479,0.1504,17.1302,5,9,2,22
47.1302,167.8216,0.1434,9,183.2295,1041.5082,21.8849,5.5086,0.1293,6.9962,1,5,0,16
56.9672,279.2225,0.2088,7,297.242,1959.6207,23.4155,12.4651,0.1565,9.4378,4,7,2,48
46.1494,306.7079,0.2085,14,10.0,2301.7693,33.1839,8.6133,0.29,12.7241,5,13,2,27
21.4029,337.6318,0.1532,6,412.4639,898.079,22.9331,7.1741,0.1295,11.1244,0,2,1,20
37.4438,184.8667,0.0653,3,531.9147,1374.4432,29.5892,6.6652,0.0923,2.7083,2,1,0,50
14.972,212.2019,0.0743,6,573.0345,2284.2949,12.3674,6.9708,0.1333,6.4654,2,4,1,7
38.269,272.7688,0.1498,8,541.3187,1526.3367,30.0205,7.4582,0.1533,6.3987,3,7,1,7
65.6454,191.1775,0.0602,10,202.5625,1778.0845,20.3807,14.344,0.1853,6.1506,4,7,2,47
63.1249,309.969,0.1014,2,109.2592,1055.8051,20.7695,8.3097,0.1183,12.1335,3,4,1,27
52.4382,390.3755,0.2011,14,179.3107,2380.5269,31.3573,8.7142,0.1781,10.1014,4,9,2,42
46.6329,112.3041,0.093,4,222.5167,1291.3902,20.3826,5.5049,0.124,1.5953,2,6,1,0
52.4512,171.3186,0.0,11,316.7845,1660.6691,8.4133,7.5908,0.071,3.5075,0,1,0,33
16.0958,240.8295,0.0313,10,349.4992,2469.5441,29.7508,3.2191,0.1967,13.4194,1,5,2,39
38.9932,433.1679,0.1001,8,233.5647,2110.1439,20.666,12.7602,0.0564,13.9048,0,4,2,32
70.5525,234.5004,0.1048,8,114.9702,1940.7194,25.9944,19.8634,0.1538,8.3971,3,9,2,47
49.155,165.0599,0.0651,12,195.7623,1288.5715,22.8811,0.8876,0.0623,4.2799,3,0,1,17
65.0668,232.0369,0.0787,4,452.6379,2025.0232,12.1465,0.0,0.112,0.5,3,5,0,6
56.3631,345.148,0.0539,2,272.114,1037.6915,31.4857,5.566,0.0919,7.8256,0,0,1,38
17.7441,319.681,0.1374,10,346.1102,2438.9782,19.6057,12.1427,0.0971,10.9658,5,5,1,49
82.1804,95.3065,0.1195,3,387.5023,1243.256,16.0017,6.2628,0.0239,3.6499,0,6,0,53
47.9622,177.9058,0.1369,2,419.5049,1576.2568,31.2336,6.2852,0.0693,7.9859,1,0,1,22
44.3646,281.8947,0.0995,1,432.5121,3392.4985,16.732,12.1518,0.1168,9.494,1,0,1,51
46.6973,369.364,0.0843,7,335.0946,2261.6208,18.9387,13.1825,0.0839,6.3196,1,6,1,40
50.5095,432.8908,0.0706,7,167.5587,2410.7398,30.3062,15.766,0.1459,13.8746,4,4,2,40
33.734,204.0218,0.1992,11,151.5092,1758.8283,36.5401,5.6111,0.1877,13.4899,5,8,2,17
43.1633,80.0,0.0724,1,380.0812,645.9014,26.4365,0.0,0.0,0.5,1,0,0,9
49.0126,293.7463,0.0539,3,344.3758,1430.5681,25.5786,9.0378,0.0858,5.9785,4,2,1,30
39.2157,514.0951,0.1559,9,247.1218,2382.5791,26.3482,10.0488,0.1762,10.3781,2,8,2,1
62.5013,210.3806,0.0,1,297.7068,1040.0983,20.4067,0.2618,0.0,4.223,0,1,0,23
49.7745,195.5134,0.1377,10,246.2928,1723.5649,28.094,9.4837,0.1586,3.1515,4,6,1,33
71.9421,220.3126,0.0,0,492.88,1122.0222,0.6946,0.0,0.0,1.4657,0,0,0,15
36.1357,423.9191,0.1012,6,262.1992,1981.9511,27.6921,11.2332,0.1244,10.9112,2,6,2,1
66.0942,191.418,0.1117,7,228.4488,1477.5067,28.2143,8.9831,0.0056,4.4868,0,4,1,53
53.4401,207.3975,0.0968,0,658.877,1966.5844,7.2483,2.4243,0.0,4.2998,0,0,0,41
22.6956,287.7364,0.1214,10,392.9717,2220.5183,24.8224,8.3667,0.1405,8.0918,5,1,2,49
51.3652,190.2774,0.0329,1,339.4813,1344.3859,9.6485,0.0,0.0,0.5,0,0,0,34
31.9029,391.3621,0.0604,2,347.9178,1995.1423,13.6696,1.841,0.0,6.61,2,3,0,25
59.1815,188.9784,0.0143,1,400.2284,2710.155,15.5772,0.0,0.0967,2.0133,2,2,0,8
55.5744,90.0963,0.0174,0,423.2592,718.4471,10.5168,3.4724,0.0,1.5926,0,0,0,9
29.3103,200.1965,0.0582,2,315.0882,1291.397,14.3038,3.4784,0.0402,0.5,0,3,0,34
68.31,278.1763,0.0,0,385.3081,573.499,18.9341,0.0,0.0578,3.4298,1,0,0,25
18.1785,409.0578,0.1698,11,226.1833,2600.9109,24.5466,15.1779,0.1406,5.593,3,6,2,32
64.2945,252.1597,0.0954,5,199.6046,1566.7494,19.0175,4.1488,0.088,11.4337,4,8,1,27
44.0631,189.8312,0.0231,1,483.8207,1801.3297,28.6923,4.3208,0.0,4.7754,1,5,1,22
52.9644,250.3649,0.1187,10,201.8553,2441.2794,25.2873,13.7808,0.1855,15.6492,3,3,1,18
59.0549,278.8718,0.1775,9,232.6359,1761.5931,29.8139,11.6508,0.1115,15.0836,5,4,2,27
34.1668,146.2824,0.1197,7,308.0658,1421.0006,38.715,4.8857,0.0768,3.8137,3,3,1,17
44.4911,296.3785,0.04,4,308.9689,1585.0328,23.398,12.6111,0.0716,1.1957,3,6,2,35
65.1944,215.7997,0.0814,2,401.4894,1692.3582,19.3397,9.422,0.0,11.9122,0,2,1,14
43.6362,263.7386,0.1169,3,413.3294,2475.2774,18.8685,18.71,0.0972,3.894,3,5,1,41
58.3071,235.6658,0.1108,9,124.9869,1104.5985,23.2125,6.4983,0.155,7.87,3,6,2,0
43.1156,316.4597,0.1628,9,322.9631,2747.7281,14.2803,10.3813,0.1315,5.7212,3,5,1,6
71.1749,248.3214,0.0603,1,315.2687,1594.7173,12.1327,4.5631,0.0264,0.5,0,0,0,29
45.9112,222.2972,0.1747,12,236.6981,2043.8362,20.0065,11.3768,0.1541,5.2202,4,3,1,31
59.795,320.5083,0.1457,12,116.1297,1809.9367,24.5255,6.6184,0.1387,6.4151,2,10,2,42
43.7121,171.8492,0.0346,2,493.1315,1473.7851,14.1479,0.0,0.0361,1.2794,0,0,0,8
70.4769,231.7159,0.02,3,374.2641,1148.4616,4.303,0.0,0.0,4.281,1,0,0,46
47.3547,256.1071,0.1926,7,202.4452,1863.613,24.4292,10.7487,0.1448,12.8858,6,7,2,45
42.8414,241.2666,0.0161,4,387.5238,1280.1274,18.3756,7.4019,0.0218,4.3971,3,6,0,2
26.7257,244.1098,0.0712,8,252.5913,1436.0147,32.411,12.1835,0.0632,7.4752,5,4,1,55
40.8381,356.65,0.1459,7,160.3966,2449.2024,27.3769,1.6392,0.1397,11.5369,0,5,1,11
28.6292,356.447,0.0965,9,212.2853,2878.1318,37.1292,6.0752,0.2652,10.1222,7,5,2,8
29.8204,358.4851,0.1611,8,141.4677,1790.0647,27.2037,12.1924,0.1853,17.1846,3,5,2,38
34.2522,190.0506,0.075,8,178.8286,848.115,24.7564,10.8029,0.0933,5.0124,2,3,1,55
53.7436,259.7623,0.1045,2,292.3497,2526.9313,14.1185,7.2856,0.2209,9.3867,0,5,1,15
49.7997,331.9742,0.1053,10,388.4248,1682.8254,13.6049,7.773,0.0187,6.4642,1,1,1,43
53.8169,356.0136,0.2354,8,200.9514,2644.5589,27.8936,12.0663,0.1207,6.4468,6,10,2,29
39.4801,322.2448,0.118,7,242.2868,2078.7316,12.1193,7.2604,0.075,6.9418,3,3,1,10
36.9662,254.8376,0.1682,9,318.5846,1533.8217,33.1019,4.5922,0.1797,6.1453,0,8,1,17
83.4068,111.7221,0.0167,0,481.4017,1492.2313,4.4103,0.0,0.0,0.5,1,0,0,8
62.3048,285.1796,0.0602,5,245.7313,1093.0275,15.5385,2.742,0.1781,5.2435,1,3,0,18
45.5706,299.8023,0.0881,5,266.8826,1876.2409,8.4843,9.185,0.0569,11.6851,0,2,1,5
78.5099,80.0,0.1068,2,231.8044,1460.6017,15.3097,5.4855,0.0929,0.5,1,0,0,54
61.4991,159.551,0.0746,1,421.2173,2026.6919,4.9461,5.8402,0.2076,5.3914,2,9,0,12
29.7345,186.2438,0.1114,8,291.2806,2255.5312,25.0824,4.9322,0.0932,7.3889,4,2,1,34
80.0795,305.1046,0.0997,7,370.6521,2592.3464,23.5946,6.0023,0.1705,3.048,3,5,1,6
51.2716,135.5787,0.0768,2,336.3892,1946.1219,9.5918,12.3544,0.1351,1.1542,4,8,0,12
59.8157,233.8125,0.1375,9,341.2784,2137.46,26.3431,7.3692,0.0703,7.4635,1,2,1,48
40.9856,171.5981,0.0645,6,351.7779,1524.4509,20.568,9.184,0.0,12.687,4,3,1,22
51.243,172.5483,0.0883,4,368.3523,2020.0371,9.76,0.0,0.0175,6.1895,1,7,0,28
43.4429,405.0611,0.2323,13,36.8113,1954.4559,33.2463,22.6943,0.2249,11.0041,2,13,2,3
31.4843,352.2781,0.186,9,112.2319,2582.9586,23.8562,13.4328,0.206,15.9957,2,9,2,16
56.1768,175.0083,0.1276,6,146.3304,1260.9945,31.0785,11.9643,0.1109,9.3039,3,6,1,36
34.6297,312.0101,0.0485,5,274.8727,1593.3179,30.0137,12.3049,0.1393,4.8155,3,1,1,2
43.6255,369.2279,0.1723,7,127.8706,2392.3046,20.1112,8.7965,0.1659,6.2983,5,5,1,31
39.6924,384.8759,0.0386,7,253.1293,2090.7531,19.3442,3.9015,0.1167,9.7764,2,5,2,59
35.3595,290.6804,0.0914,4,407.0692,1435.4464,14.4805,10.1053,0.1406,10.9132,4,1,1,2
20.3283,423.5587,0.1144,6,223.9518,2258.8258,19.0858,12.2873,0.0049,10.369,1,9,2,32
32.7565,111.2963,0.0807,4,437.3441,1612.5832,29.1421,9.7268,0.0871,5.2865,2,4,1,50
47.8374,267.8384,0.0865,4,195.0014,1808.8284,28.738,8.6787,0.0912,12.241,0,5,1,5
39.8636,317.5597,0.0553,3,185.8073,1292.7059,24.4864,4.61,0.0764,7.1037,0,2,1,38
11.1459,277.5849,0.136,9,134.378,1743.3665,29.2066,10.4099,0.1635,15.6733,6,9,2,34
40.4025,436.3353,0.1249,7,99.5148,1688.3288,21.4957,10.6495,0.2183,14.9395,3,9,2,18
47.2579,213.7536,0.1166,6,318.6581,1897.6787,27.6775,3.3228,0.0677,10.7268,1,9,1,28
66.8207,329.8022,0.1226,11,203.5453,1760.1188,27.1913,5.885,0.1022,8.5324,3,6,1,42
66.2298,265.5414,0.0462,0,269.2084,993.4603,19.4618,2.9757,0.1171,7.0986,1,0,0,23
35.9051,273.1835,0.089,5,231.4657,2064.6535,25.5394,6.0593,0.1286,12.6903,3,2,2,56
27.3705,372.746,0.1132,4,273.8138,1639.3436,22.6929,5.9178,0.0695,8.6686,1,4,1,32
18.0934,441.4564,0.3075,15,28.3296,3105.0562,46.1347,21.9582,0.2691,14.9676,8,12,2,29
20.1835,406.3313,0.1871,10,76.7222,2087.5298,28.4189,11.4384,0.1423,11.9379,3,9,2,1
63.6116,265.5027,0.104,9,222.7701,1927.1541,21.9067,4.2052,0.0884,3.783,3,7,2,47
41.2424,339.4656,0.1246,8,209.1667,1588.1262,10.7984,9.8021,0.1466,6.7599,2,8,1,10
59.235,223.007,0.1414,6,213.2752,992.5925,20.6952,19.7125,0.1058,4.9886,0,7,1,3
70.6678,297.656,0.14,6,126.4703,1384.7795,25.8538,11.551,0.1584,10.2682,0,3,1,3
41.8409,384.8398,0.0571,10,116.4511,1877.8808,28.1395,2.3225,0.1876,9.4598,1,1,2,23
65.1602,358.9551,0.0,6,393.0532,1721.9949,7.439,5.1801,0.0,2.5005,3,4,1,40
55.011,208.2099,0.0,2,210.3404,1317.4736,24.6677,4.6863,0.0974,6.48,0,4,0,35
29.5409,110.2202,0.0837,7,267.2811,1685.85,38.5018,5.4894,0.1086,10.3799,0,1,1,17
32.3849,254.1028,0.1027,7,238.4385,1274.4554,23.2502,12.374,0.1566,9.116,3,3,2,35
26.6076,284.8247,0.1819,11,10.4277,2525.335,41.3095,12.6306,0.2705,12.8669,8,10,2,0
13.3073,298.3005,0.17,10,304.2522,1680.454,19.6416,10.3643,0.1879,7.4345,0,7,2,10
54.7893,283.5985,0.0517,4,354.0752,1758.964,20.6728,3.1691,0.0984,11.6152,2,2,1,44
35.1693,286.7018,0.0725,3,207.4615,1131.4042,24.2525,3.0494,0.1508,9.1965,4,2,1,19
75.5741,179.8163,0.0,2,340.8771,572.0313,9.3928,1.358,0.0254,0.5,0,0,0,23
36.8898,93.736,0.0835,8,207.214,1717.4498,27.2619,8.7131,0.0743,6.5667,2,2,1,52
56.3517,186.4564,0.0,4,434.2732,1782.3902,5.2974,5.4294,0.0482,1.4346,0,5,0,40
30.8775,457.7333,0.1849,9,10.0,2254.6754,27.7925,13.9258,0.1763,15.6351,5,10,2,18
85.0615,147.9882,0.0415,5,314.978,1128.2388,13.9615,2.9643,0.0117,3.2309,2,0,0,36
46.0561,234.6764,0.0984,7,241.9491,2548.385,24.9169,7.482,0.1039,10.2505,1,5,1,29
48.1784,312.2317,0.137,7,281.6194,1804.7889,14.1018,11.8304,0.0734,7.4603,1,3,1,30
40.4437,410.1603,0.0938,3,416.3336,1452.0063,16.3286,3.8082,0.0779,9.4977,4,5,1,25
51.2438,285.5482,0.0591,0,327.3286,2100.5608,5.4914,2.5956,0.1358,7.9242,0,0,0,15
71.9176,247.0053,0.0,0,462.5141,1175.6698,8.8398,1.8943,0.0229,11.886,0,3,0,4
40.7818,239.9265,0.0572,8,187.1808,2107.7163,18.7953,13.3758,0.169,3.9757,3,8,2,12
59.0601,155.1171,0.0168,0,424.1143,856.1281,20.4947,4.7938,0.0458,1.9659,2,3,0,35
39.0596,161.8632,0.0152,1,291.0231,1552.0939,18.773,7.6637,0.0,0.573,0,0,0,34
8.8692,268.8389,0.1944,8,75.564,1775.2118,37.2757,11.2304,0.0941,12.2588,4,13,2,9
58.6832,297.6076,0.0,7,413.6966,1085.6563,18.5007,5.0822,0.0253,6.513,3,5,2,40
36.1466,200.1286,0.1038,3,169.6921,2178.3228,17.8728,6.9481,0.1462,7.825,3,0,1,52
92.0001,290.0874,0.0603,5,335.8289,1333.5116,14.7549,8.1389,0.0037,7.482,0,5,2,4
38.1484,267.7051,0.1488,7,374.5306,2078.3422,26.1959,8.251,0.1722,10.6478,1,7,1,22
28.5199,254.7349,0.0936,9,442.668,2225.4418,22.0832,13.5592,0.0982,9.2984,3,5,2,41
38.477,291.6717,0.0954,7,276.0541,2941.7944,24.9157,8.6798,0.1014,8.8277,2,5,0,37
15.6519,201.2588,0.146,8,401.8073,1874.1029,31.9271,5.1272,0.1796,8.4676,4,2,1,7
37.4777,228.0727,0.1121,9,55.1439,2250.3355,28.9807,16.5241,0.108,10.8992,5,4,2,52
38.2669,260.7123,0.1522,9,303.9422,1962.9706,25.7443,9.3032,0.1139,9.5531,7,10,1,9
50.997,313.0053,0.2324,10,267.8066,2223.067,23.5069,8.6464,0.1696,6.7037,4,8,2,6
35.1935,352.0777,0.1656,9,133.5011,1581.4892,30.8653,3.2482,0.1529,10.5377,4,6,2,1
36.2402,207.7186,0.0625,3,423.6464,747.595,14.6924,9.7641,0.0716,2.9293,2,7,0,2
38.4511,245.551,0.1173,8,280.0171,2487.7507,23.1707,2.283,0.2028,9.1886,4,5,1,8
28.9768,407.0092,0.0679,7,350.2794,2114.1368,26.8877,9.619,0.1799,10.5887,7,9,2,25
72.7037,259.8015,0.0945,0,398.2433,1483.8037,19.1823,6.1221,0.0374,3.9796,0,0,0,56
54.7989,231.8789,0.0381,0,430.8998,2160.8546,10.2829,0.0,0.0484,2.194,1,0,0,8
55.8722,375.4241,0.0963,4,438.5716,1757.8715,16.6736,9.4347,0.0375,9.9527,1,2,1,57
83.1127,104.6398,0.0,0,425.6256,1398.6071,2.9206,0.0,0.0322,0.5,0,0,0,24
71.4237,279.4928,0.1718,3,208.2806,2226.0921,21.524,1.9916,0.0702,14.2428,3,9,2,27
19.9697,516.8702,0.2613,14,118.7142,3456.6647,45.7659,24.6787,0.2571,15.6249,6,14,2,29
68.9648,400.4845,0.0821,8,269.4298,1978.3178,22.13,11.1018,0.1042,16.4328,3,9,2,4
55.5864,185.3464,0.0671,6,204.3564,1958.0787,15.1789,4.2775,0.1009,5.4357,3,3,1,52
76.1387,202.3727,0.0444,0,488.9184,504.0781,13.2832,1.3098,0.0,4.4216,0,0,0,14
50.7513,279.0458,0.1708,8,199.8238,3110.4515,33.2491,14.6311,0.193,8.3956,1,8,2,29
59.3623,314.806,0.0126,5,413.8681,1826.0447,14.0423,3.0022,0.0939,12.1907,3,9,0,4
39.0494,240.3063,0.141,7,293.8871,2716.9051,14.0849,0.7097,0.0502,7.2512,3,3,1,13
44.9536,80.0,0.0584,2,407.4079,1366.1379,22.7032,5.7226,0.0,4.254,2,3,0,22
24.8193,394.0618,0.1057,9,217.9902,1509.8969,25.8465,8.0854,0.1826,11.2514,0,3,2,38
56.9239,343.7103,0.0722,7,258.4896,1917.3663,20.6282,1.1139,0.0127,10.1057,1,1,1,18
37.9054,240.1016,0.1496,5,288.4995,1726.8889,12.7496,5.7903,0.0451,9.941,1,1,1,5
31.5887,242.7779,0.1624,1,31.9878,1893.9817,18.7025,9.7341,0.177,7.4937,0,1,1,21
12.5721,401.1624,0.1926,14,118.5677,2161.767,24.7774,25.3558,0.1427,12.5721,5,6,2,2
8.6889,471.5635,0.3145,20,10.0,2953.0972,41.8301,25.1559,0.2361,27.0317,8,14,2,5
54.956,348.3824,0.116,6,340.3815,1625.4158,23.7867,11.4424,0.0788,10.8887,1,4,1,30
49.999,381.0338,0.1544,10,260.2216,1939.1017,25.8686,14.1376,0.1697,7.5785,1,11,1,1
40.0976,370.5339,0.1288,8,221.9932,1681.0721,22.6907,10.6317,0.1447,7.5235,3,5,2,56
77.4904,217.6369,0.0937,5,259.7302,1079.3522,14.399,0.0,0.0,4.841,0,0,0,42
6.5769,427.0326,0.1616,10,93.9585,1921.6867,28.8269,10.8307,0.151,9.8346,6,7,2,32
52.1858,219.4998,0.0422,7,319.7602,1919.8983,20.19,8.7418,0.1818,5.1563,1,10,1,47
57.7818,137.1604,0.12,6,146.9129,1114.1979,18.4811,4.4886,0.138,4.2325,2,0,0,0
61.559,347.0348,0.0221,0,412.2761,964.2551,4.1512,7.0383,0.0,4.6732,2,1,0,25
21.1254,222.6682,0.0636,8,418.4523,1006.3655,28.1147,14.1998,0.0976,9.9601,3,6,2,50
39.2018,211.8358,0.0648,4,366.7969,1525.3084,14.2269,5.8429,0.1633,7.5154,3,0,0,49
21.0019,425.2126,0.2161,12,164.3747,2553.032,34.5277,18.9471,0.1332,11.6809,3,7,2,1
42.3864,198.5682,0.0099,9,420.4697,1428.1525,15.4904,6.962,0.0918,1.1438,0,1,0,33
50.3475,266.1849,0.0591,5,432.484,1752.4366,17.5149,6.6044,0.0,8.4037,4,4,1,46
57.5035,261.9063,0.0705,4,433.365,1956.5509,18.7828,0.5499,0.0257,5.4321,1,3,0,8
48.5572,301.2657,0.1289,6,319.5647,2429.1498,28.3379,3.4171,0.1086,7.3966,4,6,0,13
44.8782,303.6064,0.1319,9,241.0964,2443.321,29.0197,17.4557,0.1342,7.2563,3,12,2,29
30.4478,486.1116,0.1879,15,36.3575,3296.8,34.9742,15.7613,0.259,18.5259,4,12,2,11
52.4417,356.0256,0.0883,3,289.7002,1780.5501,21.6343,17.891,0.0858,3.9265,0,3,1,30
73.2106,243.3522,0.1295,4,227.4925,1784.1994,26.7301,3.5854,0.1295,5.7153,1,4,1,42
37.3019,249.2585,0.0432,1,379.8966,2197.7923,1.767,2.7885,0.1467,6.4831,0,0,0,15
34.8393,123.7934,0.0048,1,336.88,260.87,24.073,0.7246,0.0,2.24,0,2,0,9
26.1605,420.7874,0.0942,9,240.8668,1941.6234,24.8338,13.4636,0.1662,14.5653,6,8,2,25
46.2518,200.9598,0.156,0,432.7238,2452.4403,19.6399,8.8393,0.0144,7.1366,0,4,0,51
53.6363,301.7582,0.1384,1,254.0344,2336.1654,23.183,11.8317,0.0846,6.8929,4,6,1,56
78.5567,156.4155,0.0,0,564.1764,1322.6934,0.8266,6.0048,0.0012,0.5,0,0,0,46
32.7921,189.9129,0.1249,9,336.5932,1969.8398,33.3026,2.8955,0.1265,10.4488,3,7,0,28
43.9666,267.8391,0.1314,7,262.6963,1336.2849,34.7624,6.1644,0.244,11.0355,1,5,1,17
40.3464,329.0384,0.1628,4,250.3644,1959.7591,20.8916,11.0226,0.1255,16.4773,1,3,2,5
37.8186,349.7167,0.205,12,274.0293,2242.025,14.2625,11.4912,0.2165,8.5834,5,9,2,6
64.1615,183.3139,0.1383,2,154.0338,1102.3216,27.5845,5.1355,0.0211,9.6563,1,8,0,27
62.45,149.3982,0.0484,2,326.4643,1253.0881,17.0743,11.2011,0.0697,9.7791,4,3,1,54
36.0607,310.7135,0.0902,6,360.5561,2891.0682,15.9991,3.239,0.1557,8.3827,0,2,1,15
40.5016,323.8542,0.1676,7,180.6066,2872.9338,12.0182,9.0515,0.233,13.5161,1,6,2,15
49.1058,259.0011,0.0069,11,322.39,1261.1784,27.6181,13.878,0.149,7.536,1,2,1,33
30.8752,343.8418,0.0793,3,308.5371,1063.9754,10.5133,8.0095,0.153,8.506,0,5,1,38
29.0124,193.8599,0.1161,4,221.066,1449.2601,26.9437,6.5465,0.0728,8.6168,1,3,1,19
38.4366,441.2879,0.28,9,186.3619,2840.4084,30.4266,13.2206,0.1898,6.7038,8,9,2,31
58.47,193.3109,0.0442,1,531.7403,1692.749,6.7512,5.8115,0.0243,5.9979,1,0,0,46
35.8383,222.2953,0.0668,4,335.3491,1393.6978,16.2954,8.1373,0.0,0.5,1,0,0,55
19.1921,319.0644,0.172,8,229.3995,1921.2959,19.2967,9.7655,0.1369,11.1456,4,9,2,26
54.9755,210.9244,0.0499,3,414.0,1700.1865,15.9833,8.7124,0.0847,5.3354,0,4,1,44
65.1345,278.2102,0.1138,7,188.2279,2069.1525,14.0219,5.1044,0.1365,4.0499,2,0,1,6
60.5859,283.9605,0.1697,10,111.4855,1620.5857,32.2805,13.911,0.1105,9.1484,5,9,2,53
35.5349,306.846,0.0991,1,187.6075,2287.7886,15.0075,1.7253,0.0302,8.5559,2,1,1,32
24.2456,249.2543,0.0941,9,260.1632,2597.0889,27.8405,6.34,0.159,13.2672,5,12,2,28
9.2907,498.9374,0.1498,13,10.0,1789.9476,36.6799,13.4532,0.1704,14.7115,3,12,2,38
16.0857,293.9536,0.1842,11,89.311,1871.8622,37.8331,10.7933,0.2523,15.1837,7,12,2,52
68.8837,169.2963,0.0643,1,369.281,1034.3548,12.7518,0.0,0.0,0.9452,1,0,0,48
76.9551,198.8374,0.0,5,349.8771,462.1093,25.2184,2.4411,0.1105,1.7333,0,4,2,3
37.5909,415.1727,0.1205,7,126.4919,2152.5146,20.5503,14.3301,0.1513,11.3723,4,9,2,18
77.2533,191.8314,0.0611,1,452.624,1794.9137,6.6414,2.782,0.0024,7.7209,0,4,0,14
19.9859,309.0471,0.1529,9,216.8965,2177.8662,11.8617,13.6798,0.123,7.9181,3,6,2,10
61.6479,295.8436,0.056,0,382.3724,1342.1717,26.6877,6.1017,0.0019,7.4755,3,1,1,57
28.171,447.5583,0.1073,10,181.2883,1618.7002,19.4751,8.1941,0.1727,14.1653,5,8,2,38
21.2767,324.352,0.2384,11,292.9722,2319.5395,35.8029,10.9981,0.1606,14.1705,3,9,2,7
63.5692,283.1185,0.0742,7,258.914,1927.6289,29.4494,13.3003,0.1424,8.8391,3,8,2,40
82.1333,229.608,0.0646,1,369.6,1194.0464,21.2155,0.0,0.0364,0.5,0,0,0,42
55.2625,297.7167,0.0791,6,332.866,1206.1577,22.825,12.2516,0.1221,7.5261,2,0,1,46
26.5956,216.0473,0.0749,7,380.8597,2656.3847,14.2664,7.452,0.0909,7.8167,2,7,2,26
46.9311,398.0112,0.1091,6,218.4588,1872.1677,24.3809,5.6198,0.1518,14.9013,3,3,1,18
50.6378,334.1038,0.0864,7,272.9544,1788.3762,19.0191,8.6516,0.0192,7.5748,3,6,1,40
88.5846,184.4034,0.0006,0,289.3652,788.8312,7.5852,7.6758,0.0,4.6747,2,2,0,54
57.9313,370.5016,0.0003,9,299.8446,1760.0643,22.0349,13.0014,0.0528,11.8735,5,7,2,40
53.0078,222.2324,0.1335,3,488.4638,2301.5291,22.9893,0.0,0.0364,6.5641,4,1,0,13
42.5368,144.4583,0.1222,7,201.2133,2683.3319,23.3163,5.8278,0.0973,9.9296,2,0,1,52
42.4106,202.0132,0.0917,1,257.1452,1015.6474,16.7561,7.6358,0.1207,8.9033,0,0,0,21
70.4014,283.7427,0.1695,8,127.5072,1468.7123,11.3092,11.199,0.1403,12.2097,3,3,2,54
5.0,547.2175,0.2322,9,251.1406,2097.6957,22.8001,13.204,0.2384,20.0204,2,5,2,20
26.026,384.3397,0.1597,10,139.8528,2114.5578,25.57,10.555,0.1828,14.9118,3,9,2,38
27.4214,224.4347,0.0855,8,262.8311,1729.3649,32.0453,10.787,0.0337,8.0936,5,6,1,9
64.0077,132.242,0.0,0,480.1903,100.0,10.9674,0.0,0.0,0.5,0,0,0,9
9.2137,372.012,0.2189,10,22.7851,2180.875,25.7528,15.1623,0.2501,15.1558,3,5,2,21
49.2157,203.93,0.0735,1,286.9863,1594.6477,9.826,9.5765,0.0,3.5909,1,4,0,56
27.8581,379.9357,0.1538,8,118.3469,2645.4043,29.2102,20.471,0.1716,17.4302,3,6,2,44
58.5755,220.6736,0.0267,5,334.8507,1875.9636,9.4516,0.0,0.0459,5.913,0,2,0,13
19.7444,341.196,0.1707,2,501.9271,2676.569,24.7471,11.9506,0.1314,8.8017,1,4,0,51
23.2695,303.5327,0.1617,5,169.6191,1828.6809,27.8599,2.532,0.1434,9.7369,2,3,1,19
31.0098,318.9013,0.1053,6,117.8324,2631.0219,3.202,14.5045,0.1017,10.8292,0,5,2,10
42.7593,295.1535,0.1126,0,394.9836,1367.0941,8.7465,5.1472,0.0,9.1368,0,0,0,5
58.4246,373.1442,0.104,9,104.3505,2710.83,27.1857,7.3282,0.0617,12.2299,0,6,1,11
13.3933,296.3889,0.1702,14,154.8338,2777.2509,25.0314,19.0877,0.1025,13.9271,5,4,2,55
40.755,361.6777,0.0343,9,416.4346,2135.8739,19.9435,12.9638,0.103,7.2102,1,7,2,40
43.1029,361.7716,0.0622,9,318.2049,2120.72,21.9416,1.5106,0.1529,7.8836,2,9,1,8
28.1049,383.2692,0.1315,12,251.8699,1979.1288,12.1673,11.8441,0.0973,7.5376,2,5,2,10
18.9713,328.4091,0.1212,5,410.8197,1015.0909,7.5445,10.2565,0.0369,6.8605,0,4,0,20
39.137,295.3739,0.0397,3,349.6777,1275.2514,17.3872,3.1148,0.0037,5.9655,2,4,1,25
49.952,332.9323,0.1605,5,201.3483,2042.298,9.6257,6.7261,0.1264,8.4577,0,0,0,15
42.6712,352.4627,0.0628,6,303.8585,2090.9191,28.0781,6.8117,0.0695,6.6702,2,5,2,32
9.2086,268.3116,0.153,15,10.0,2375.7409,35.8351,18.6334,0.1571,12.7728,7,12,2,55
22.602,377.3808,0.0992,10,231.4558,1556.9699,17.7791,8.9379,0.1012,3.1338,1,5,1,10
56.3436,238.5538,0.123,4,217.1049,2388.4287,28.8111,2.8299,0.0831,6.7206,4,5,0,8
37.0511,372.2376,0.1405,4,385.7482,1033.9514,29.4725,9.6786,0.0973,8.5019,0,3,1,20
46.4134,242.3755,0.0407,1,245.9798,1193.6755,13.4166,4.6699,0.008,3.9201,2,4,0,59
55.4582,388.7697,0.1243,11,103.2977,1831.6892,25.3838,1.123,0.2236,13.4936,0,6,2,23
48.9677,305.1518,0.0473,6,438.5962,1842.8501,17.8194,3.1777,0.0697,10.3134,6,5,1,25
48.9175,205.8041,0.0802,7,252.9779,1541.0907,30.3405,6.249,0.0602,9.9014,5,1,1,49
56.4903,249.088,0.0314,0,318.8588,2308.5398,15.2215,0.0,0.1252,7.3244,0,5,1,24
31.8168,306.6105,0.1155,4,249.1688,1529.0458,24.7261,3.2801,0.1017,3.9793,0,7,1,20
59.5156,80.0,0.0016,0,404.917,100.0,19.6382,0.0,0.0,0.5,0,0,0,9
